Incident Number,Exposure Number,ID,Address,Incident Date,Call Number,Alarm DtTm,Arrival DtTm,Close DtTm,City,zipcode,Battalion,Station Area,Box,Suppression Units,Suppression Personnel,EMS Units,EMS Personnel,Other Units,Other Personnel,First Unit On Scene,Estimated Property Loss,Estimated Contents Loss,Fire Fatalities,Fire Injuries,Civilian Fatalities,Civilian Injuries,Number of Alarms,Primary Situation,Mutual Aid,Action Taken Primary,Action Taken Secondary,Action Taken Other,Detector Alerted Occupants,Property Use,Area of Fire Origin,Ignition Cause,Ignition Factor Primary,Ignition Factor Secondary,Heat Source,Item First Ignited,Human Factors Associated with Ignition,Structure Type,Structure Status,Floor of Fire Origin,Fire Spread,No Flame Spread,Number of floors with minimum damage,Number of floors with significant damage,Number of floors with heavy damage,Number of floors with extreme damage,Detectors Present,Detector Type,Detector Operation,Detector Effectiveness,Detector Failure Reason,Automatic Extinguishing System Present,Automatic Extinguishing Sytem Type,Automatic Extinguishing Sytem Perfomance,Automatic Extinguishing Sytem Failure Reason,Number of Sprinkler Heads Operating,Supervisor District,neighborhood_district,point,data_as_of,data_loaded_at				
23035133,0,230351330,125 EXCELSIOR AVENUE,2023/03/13,230722309,2023/03/13 04:21:49 PM,2023/03/13 04:29:15 PM,2023/03/13 04:47:31 PM,San Francisco,94112,B09,43,0611,1,4,0,0,0,0,,,,0,0,0,0,1,"500 Service Call, other",N None,86 Investigate,,,,"213 Elementary school, including kindergarten",,,,,,,,,,,,NA,,,,,,,,,,,,,,,11,Excelsior,POINT (-122.432133 37.726104),2023/03/13 04:47:31 PM,2025/05/20 02:17:45 AM				
23035135,0,230351350,1177 MARKET STREET,2023/03/13,230722318,2023/03/13 04:24:12 PM,2023/03/13 04:28:08 PM,2023/03/13 04:29:02 PM,San Francisco,94103,B02,36,2317,3,11,0,0,0,0,,,,0,0,0,0,1,"113 Cooking fire, confined to container",N None,63 Restore fire alarm system,,,U Unknown,429 Multifamily dwelling,,,,,,,,,,,,NA,,,,,,,,,,,,,,,6,South of Market,POINT (-122.414081 37.779148),2023/03/13 04:29:02 PM,2025/05/20 02:17:45 AM				
23035136,0,230351360,1 101NB 3RD ST OF,2023/03/13,230722324,2023/03/13 04:26:07 PM,2023/03/13 04:33:30 PM,2023/03/13 04:44:22 PM,San Francisco,94005,B10,44,9944,2,8,0,0,0,0,,,,0,0,0,0,1,324 Motor vehicle accident with no injuries.,N None,31 Provide first aid & check for injuries,,,,961 Highway or divided highway,,,,,,,,,,,,NA,,,,,,,,,,,,,,,10,Bayview Hunters Point,POINT (-122.397667 37.714914),2023/03/13 04:44:22 PM,2025/05/20 02:17:45 AM				
23035141,0,230351410,21ST AVENUE,2023/03/13,230722358,2023/03/13 04:35:39 PM,2023/03/13 04:39:31 PM,2023/03/13 04:44:46 PM,San Francisco,94122,B08,22,7426,1,4,0,0,0,0,,,,0,0,0,0,1,"500 Service Call, other",N None,86 Investigate,,,,NNN None,,,,,,,,,,,,NA,,,,,,,,,,,,,,,4,Sunset/Parkside,POINT (-122.479138 37.761605),2023/03/13 04:44:46 PM,2025/05/20 02:17:45 AM				
23035143,0,230351430,2342 39TH AVENUE,2023/03/13,230722370,2023/03/13 04:38:34 PM,2023/03/13 04:43:36 PM,2023/03/13 04:48:36 PM,San Francisco,94116,B08,18,7621,1,4,0,0,0,0,,,,0,0,0,0,1,"440 Electrical  wiring/equipment problem, other",N None,65 Secure property,,,,419 1 or 2 family dwelling,,,,,,,,,,,,NA,,,,,,,,,,,,,,,4,Sunset/Parkside,POINT (-122.497103 37.743165),2023/03/13 04:48:36 PM,2025/05/20 02:17:45 AM				
23035144,0,230351440,STOCKTON STREET,2023/03/13,230722387,2023/03/13 04:42:11 PM,2023/03/13 04:46:58 PM,2023/03/13 05:24:24 PM,San Francisco,94108,B01,13,1324,3,11,2,3,0,0,,,,0,0,0,0,1,"320 Emergency medical service incident, other",N None,32 Provide basic life support (BLS),,,,"960 Street, other",,,,,,,,,,,,NA,,,,,,,,,,,,,,,3,Financial District/South Beach,POINT (-122.406959 37.789435),2023/03/13 05:24:24 PM,2025/05/20 02:17:45 AM				
23035153,0,230351530,1331 INGALLS STREET,2023/03/13,230722474,2023/03/13 05:06:13 PM,2023/03/13 05:09:14 PM,2023/03/13 05:44:56 PM,San Francisco,94124,B10,17,6572,8,28,1,2,1,2,,,,0,0,0,0,1,"651 Smoke scare, odor of smoke",N None,86 Investigate,,,,429 Multifamily dwelling,,,,,,,,,,,,NA,,,,,,,,,,,,,,,10,Bayview Hunters Point,POINT (-122.381949 37.730555),2023/03/13 05:44:56 PM,2025/05/20 02:17:45 AM				
23035156,0,230351560,HARRISON STREET,2023/03/13,230722495,2023/03/13 05:12:06 PM,2023/03/13 05:16:16 PM,2023/03/13 05:18:46 PM,San Francisco,94110,B06,07,5533,1,4,0,0,0,0,,,,0,0,0,0,1,"700 False alarm or false call, other",N None,"70 Assistance, other",,,,511 Convenience store,,,,,,,,,,,,NA,,,,,,,,,,,,,,,9,Mission,POINT (-122.411902 37.752628),2023/03/13 05:18:46 PM,2025/05/20 02:17:45 AM				
23035157,0,230351570,4032 NORIEGA STREET,2023/03/13,230722505,2023/03/13 05:13:37 PM,2023/03/13 05:17:26 PM,2023/03/13 05:27:03 PM,San Francisco,94122,B08,23,7725,8,28,1,2,1,2,,,,0,0,0,0,1,"651 Smoke scare, odor of smoke",N None,86 Investigate,,,,419 1 or 2 family dwelling,,,,,,,,,,,,NA,,,,,,,,,,,,,,,4,Sunset/Parkside,POINT (-122.50686 37.752967),2023/03/13 05:27:03 PM,2025/05/20 02:17:45 AM				
23035160,0,230351600,188 OCTAVIA STREET,2023/03/13,230722554,2023/03/13 05:27:41 PM,2023/03/13 05:30:46 PM,2023/03/13 05:39:43 PM,San Francisco,94102,B02,36,3313,6,21,0,0,0,0,,,,0,0,0,0,1,733 Smoke detector activation due to malfunction,N None,63 Restore fire alarm system,,,,"439 Boarding/rooming house, residential hotels",,,,,,,,,,,,NA,,,,,,,,,,,,,,,6,Hayes Valley,POINT (-122.423952 37.773774),2023/03/13 05:39:43 PM,2025/05/20 02:17:45 AM				
23035163,0,230351630,302 SILVER AVENUE,2023/03/13,230722564,2023/03/13 05:30:33 PM,2023/03/13 05:35:26 PM,2023/03/13 05:51:34 PM,San Francisco,94112,B09,32,6114,3,11,0,0,0,0,,,,0,0,0,0,1,"744 Detector activation, no fire - unintentional",N None,63 Restore fire alarm system,,,,"311 24-hour care Nursing homes, 4 or more persons",,,,,,,,,,,,NA,,,,,,,,,,,,,,,11,Excelsior,POINT (-122.430569 37.72778),2023/03/13 05:51:34 PM,2025/05/20 02:17:45 AM				
23035166,0,230351660,394 PACIFIC AVENUE,2023/03/13,230722591,2023/03/13 05:38:19 PM,2023/03/13 05:41:04 PM,2023/03/13 05:54:09 PM,San Francisco,94111,B01,13,1212,3,11,0,0,0,0,,,,0,0,0,0,1,735 Alarm system sounded due to malfunction,N None,86 Investigate,,,,429 Multifamily dwelling,,,,,,,,,,,,NA,,,,,,,,,,,,,,,3,Financial District/South Beach,POINT (-122.40193 37.797589),2023/03/13 05:54:09 PM,2025/05/20 02:17:45 AM				
23035169,0,230351690,1 FRONT STREET,2023/03/13,230722638,2023/03/13 05:53:00 PM,2023/03/13 05:54:41 PM,2023/03/13 06:04:33 PM,San Francisco,94111,B01,13,1136,5,17,0,0,0,0,,,,0,0,0,0,1,"744 Detector activation, no fire - unintentional",N None,86 Investigate,,,,599 Business office,,,,,,,,,,,,NA,,,,,,,,,,,,,,,3,Financial District/South Beach,POINT (-122.398389 37.791716),2023/03/13 06:04:33 PM,2025/05/20 02:17:45 AM				
23035173,0,230351730,850 FRONT STREET,2023/03/13,230722674,2023/03/13 06:02:17 PM,2023/03/13 06:06:00 PM,2023/03/13 06:12:14 PM,San Francisco,94111,B01,13,1144,6,21,0,0,0,0,,,,0,0,0,0,1,733 Smoke detector activation due to malfunction,N None,86 Investigate,,,,429 Multifamily dwelling,,,,,,,,,,,,NA,,,,,,,,,,,,,,,3,Financial District/South Beach,POINT (-122.399889 37.799225),2023/03/13 06:12:14 PM,2025/05/20 02:17:45 AM				
23035174,0,230351740,280SB SAN JOSE MSN OF,2023/03/13,230722684,2023/03/13 06:04:43 PM,2023/03/13 06:12:53 PM,2023/03/13 07:41:37 PM,San Francisco,94112,B09,15,8313,1,4,1,2,0,0,,,,0,0,0,0,1,"900 Special type of incident, other",N None,78 Control traffic,,,,961 Highway or divided highway,,,,,,,,,,,,NA,,,,,,,,,,,,,,,11,Oceanview/Merced/Ingleside,POINT (-122.454568 37.712337),2023/03/13 07:41:37 PM,2025/05/20 02:17:45 AM				
23035180,0,230351800,274 BRANNAN STREET,2023/03/13,230722735,2023/03/13 06:15:31 PM,2023/03/13 06:19:40 PM,2023/03/13 06:31:14 PM,San Francisco,94107,B03,08,2153,3,10,0,0,0,0,,,,0,0,0,0,1,"745 Alarm system activation, no fire - unintentional",N None,86 Investigate,,,,429 Multifamily dwelling,,,,,,,,,,,,NA,,,,,,,,,,,,,,,6,Financial District/South Beach,POINT (-122.391596 37.782326),2023/03/13 06:31:14 PM,2025/05/20 02:17:45 AM				
23035183,0,230351830,210 MUNICH STREET,2023/03/13,230722752,2023/03/13 06:20:46 PM,2023/03/13 06:25:27 PM,2023/03/13 06:28:11 PM,San Francisco,94112,B09,43,6163,3,11,0,0,0,0,,,,0,0,0,0,1,"700 False alarm or false call, other",N None,86 Investigate,,,,"400 Residential, other",,,,,,,,,,,,NA,,,,,,,,,,,,,,,11,Excelsior,POINT (-122.42588 37.722264),2023/03/13 06:28:11 PM,2025/05/20 02:17:45 AM				
23035187,0,230351870,1833 FILBERT STREET,2023/03/13,230722775,2023/03/13 06:27:27 PM,2023/03/13 06:31:01 PM,2023/03/13 06:47:02 PM,San Francisco,94123,B04,16,3353,3,10,0,0,0,0,,,,0,0,0,0,1,733 Smoke detector activation due to malfunction,N None,86 Investigate,,,,429 Multifamily dwelling,,,,,,,,,,,,NA,,,,,,,,,,,,,,,2,Marina,POINT (-122.429657 37.798717),2023/03/13 06:47:02 PM,2025/05/20 02:17:45 AM				
23035189,0,230351890,GEARY BL,2023/03/13,230722787,2023/03/13 06:31:17 PM,2023/03/13 06:34:57 PM,2023/03/13 06:39:43 PM,San Francisco,94115,B04,05,3432,1,4,0,0,0,0,,,,0,0,0,0,1,"151 Outside rubbish, trash or waste fire",N None,11 Extinguishment by fire service personnel,,,,963 Street or road in commercial area,,,,,,,,,,,,NA,,,,,,,,,,,,,,,5,Western Addition,POINT (-122.431207 37.784568),2023/03/13 06:39:43 PM,2025/05/20 02:17:45 AM				
23035190,0,230351900,101 DAKOTA STREET,2023/03/13,230722794,2023/03/13 06:34:10 PM,2023/03/13 06:38:32 PM,2023/03/13 06:49:26 PM,San Francisco,94107,B10,37,2614,3,10,0,0,0,0,,,,0,0,0,0,1,412 Gas leak (natural gas or LPG),N None,82 Notify other agencies.,,,,"439 Boarding/rooming house, residential hotels",,,,,,,,,,,,NA,,,,,,,,,,,,,,,10,Potrero Hill,POINT (-122.3955 37.753626),2023/03/13 06:49:26 PM,2025/05/20 02:17:45 AM				
23035196,0,230351960,34 6TH STREET,2023/03/13,230722833,2023/03/13 06:47:49 PM,2023/03/13 06:51:41 PM,2023/03/13 07:04:18 PM,San Francisco,94103,B02,01,2248,1,4,0,0,0,0,,,,0,0,0,0,1,"500 Service Call, other",N None,86 Investigate,,,,"439 Boarding/rooming house, residential hotels",,,,,,,,,,,,NA,,,,,,,,,,,,,,,6,South of Market,POINT (-122.409857 37.781459),2023/03/13 07:04:18 PM,2025/05/20 02:17:45 AM				
23035200,0,230352000,2040 LAGUNA STREET,2023/03/13,230722867,2023/03/13 06:56:58 PM,2023/03/13 07:02:32 PM,2023/03/13 07:05:18 PM,San Francisco,94115,B04,38,3362,3,10,0,0,0,0,,,,0,0,0,0,1,"113 Cooking fire, confined to container",N None,86 Investigate,,,U Unknown,419 1 or 2 family dwelling,,,,,,,,,,,,NA,,,,,,,,,,,,,,,2,Pacific Heights,POINT (-122.428903 37.789935),2023/03/13 07:05:18 PM,2025/05/20 02:17:45 AM				
23035211,0,230352110,2048 POLK STREET,2023/03/13,230722972,2023/03/13 07:33:45 PM,2023/03/13 07:36:57 PM,2023/03/13 07:41:15 PM,San Francisco,94109,B04,41,3125,3,11,0,0,0,0,,,,0,0,0,0,1,"744 Detector activation, no fire - unintentional",N None,86 Investigate,,,,"439 Boarding/rooming house, residential hotels",,,,,,,,,,,,NA,,,,,,,,,,,,,,,3,Russian Hill,POINT (-122.421498 37.795678),2023/03/13 07:41:15 PM,2025/05/20 02:17:45 AM				
23035213,0,230352130,WEBSTER STREET,2023/03/13,230722999,2023/03/13 07:45:02 PM,2023/03/13 07:47:56 PM,2023/03/13 07:59:41 PM,San Francisco,94115,B04,05,3514,1,4,0,0,0,0,,,,0,0,0,0,1,"151 Outside rubbish, trash or waste fire",N None,11 Extinguishment by fire service personnel,,,,"960 Street, other",,,,,,,,,,,,NA,,,,,,,,,,,,,,,5,Western Addition,POINT (-122.431207 37.784568),2023/03/13 07:59:41 PM,2025/05/20 02:17:45 AM				
23035218,0,230352180,473 ELLIS STREET,2023/03/13,230723040,2023/03/13 08:03:14 PM,2023/03/13 08:05:28 PM,2023/03/13 08:26:30 PM,San Francisco,94102,B03,03,1461,9,34,1,2,1,2,,,,0,0,0,0,1,"113 Cooking fire, confined to container",N None,63 Restore fire alarm system,,,U Unknown,"439 Boarding/rooming house, residential hotels",,,,,,,,,,,,NA,,,,,,,,,,,,,,,5,Tenderloin,POINT (-122.413923 37.784437),2023/03/13 08:26:30 PM,2025/05/20 02:17:45 AM				
23035226,0,230352260,55 IRONWOOD WAY,2023/03/13,230723067,2023/03/13 08:14:23 PM,2023/03/13 08:20:29 PM,2023/03/13 08:48:28 PM,San Francisco,94124,B10,25,6556,3,10,0,0,0,0,,,,0,0,0,0,1,"743 Smoke detector activation, no fire - unintentional",N None,86 Investigate,,,,429 Multifamily dwelling,,,,,,,,,,,,NA,,,,,,,,,,,,,,,10,Bayview Hunters Point,POINT (-122.380211 37.73667),2023/03/13 08:48:28 PM,2025/05/20 02:17:45 AM				
23035229,0,230352290,STOCKTON STREET,2023/03/13,230723107,2023/03/13 08:25:44 PM,2023/03/13 08:28:49 PM,2023/03/13 10:03:21 PM,San Francisco,94133,B01,02,1332,1,4,1,2,0,0,,,,0,0,0,0,1,"300 Rescue, EMS incident, other",N None,"30 Emergency medical services, other",,,,"900 Outside or special property, other",,,,,,,,,,,,NA,,,,,,,,,,,,,,,3,Chinatown,POINT (-122.408433 37.796704),2023/03/13 10:03:21 PM,2025/05/20 02:17:45 AM				
23035231,0,230352310,ARGENT AL,2023/03/13,230723122,2023/03/13 08:30:58 PM,2023/03/13 08:35:20 PM,2023/03/13 08:40:03 PM,San Francisco,94131,B06,24,5276,1,4,0,0,0,0,,,,0,0,0,0,1,"151 Outside rubbish, trash or waste fire",N None,87 Investigate fire out on arrival,,,,"900 Outside or special property, other",,,,,,,,,,,,NA,,,,,,,,,,,,,,,8,Twin Peaks,POINT (-122.442686 37.752735),2023/03/13 08:40:03 PM,2025/05/20 02:17:45 AM				
23035241,0,230352410,19TH STREET,2023/03/13,230723209,2023/03/13 09:02:28 PM,2023/03/13 09:05:37 PM,2023/03/13 10:39:17 PM,San Francisco,94110,B06,07,5435,2,8,1,2,0,0,,,,0,0,0,0,1,322 Motor vehicle accident with injuries,N None,"30 Emergency medical services, other",,,,"960 Street, other",,,,,,,,,,,,NA,,,,,,,,,,,,,,,8,Castro/Upper Market,POINT (-122.425921 37.759828),2023/03/13 10:39:17 PM,2025/05/20 02:17:45 AM				
23035243,0,230352430,1316 CLAYTON STREET,2023/03/13,230723214,2023/03/13 09:04:40 PM,2023/03/13 09:09:20 PM,2023/03/13 09:31:07 PM,San Francisco,94114,B05,24,5265,3,10,0,0,0,0,,,,0,0,0,0,1,736 CO detector activation due to malfunction,N None,86 Investigate,,,,419 1 or 2 family dwelling,,,,,,,,,,,,NA,,,,,,,,,,,,,,,8,Castro/Upper Market,POINT (-122.446284 37.760078),2023/03/13 09:31:07 PM,2025/05/20 02:17:45 AM				
23035248,0,230352480,25 SANCHEZ STREET,2023/03/13,230723255,2023/03/13 09:17:30 PM,2023/03/13 09:20:35 PM,2023/03/13 09:39:01 PM,San Francisco,94117,B05,06,5131,3,11,0,0,0,0,,,,0,0,0,0,1,735 Alarm system sounded due to malfunction,N None,86 Investigate,,,,429 Multifamily dwelling,,,,,,,,,,,,NA,,,,,,,,,,,,,,,8,Castro/Upper Market,POINT (-122.431256 37.768929),2023/03/13 09:39:01 PM,2025/05/20 02:17:45 AM				
23035254,0,230352540,LAGUNA STREET,2023/03/13,230723298,2023/03/13 09:31:51 PM,2023/03/13 09:35:01 PM,2023/03/13 09:36:37 PM,San Francisco,94115,B04,38,3364,1,4,0,0,0,0,,,,0,0,0,0,1,"100 Fire, other",N None,"00 Action taken, other",,,,"000 Property Use, other",00 Other area of fire origin,2 Unintentional,"00 Factors contributing to ignition, other",,00 Heat source: other,"00 Item first ignited, other",N None,,,,,NA,,,,,,,,,,,,,,,5,Japantown,POINT (-122.428338 37.786711),2023/03/13 09:36:37 PM,2025/05/20 02:17:45 AM				
23035257,0,230352570,1418 POLK STREET,2023/03/13,230723309,2023/03/13 09:34:09 PM,2023/03/13 09:37:23 PM,2023/03/13 09:46:08 PM,San Francisco,94109,B04,41,1635,3,10,0,0,0,0,,,,0,0,0,0,1,"700 False alarm or false call, other",N None,86 Investigate,,,,"580 General retail, other",,,,,,,,,,,,NA,,,,,,,,,,,,,,,3,Nob Hill,POINT (-122.420456 37.789849),2023/03/13 09:46:08 PM,2025/05/20 02:17:45 AM				
23035258,0,230352580,854 FILBERT STREET,2023/03/13,230723324,2023/03/13 09:40:00 PM,2023/03/13 09:44:13 PM,2023/03/13 09:50:46 PM,San Francisco,94133,B01,28,1436,3,11,0,0,0,0,,,,0,0,0,0,1,736 CO detector activation due to malfunction,N None,86 Investigate,,,,429 Multifamily dwelling,,,,,,,,,,,,NA,,,,,,,,,,,,,,,3,Russian Hill,POINT (-122.413572 37.80092),2023/03/13 09:50:46 PM,2025/05/20 02:17:45 AM				
23035264,0,230352640,34 6TH STREET,2023/03/13,230723351,2023/03/13 09:50:56 PM,2023/03/13 09:54:16 PM,2023/03/13 10:02:48 PM,San Francisco,94103,B02,01,2248,3,11,0,0,0,0,,,,0,0,0,0,1,"715 Local alarm system, malicious false alarm",N None,63 Restore fire alarm system,,,,"439 Boarding/rooming house, residential hotels",,,,,,,,,,,,NA,,,,,,,,,,,,,,,6,South of Market,POINT (-122.409857 37.781459),2023/03/13 10:02:48 PM,2025/05/20 02:17:45 AM				
23035265,0,230352650,203 RANDALL STREET,2023/03/13,230723353,2023/03/13 09:51:30 PM,2023/03/13 09:55:55 PM,2023/03/13 10:08:19 PM,San Francisco,94131,B06,26,8115,3,10,0,0,0,0,,,,0,0,0,0,1,424 Carbon monoxide incident,N None,86 Investigate,82 Notify other agencies.,,,419 1 or 2 family dwelling,,,,,,,,,,,,NA,,,,,,,,,,,,,,,8,Glen Park,POINT (-122.427893 37.739555),2023/03/13 10:08:19 PM,2025/05/20 02:17:45 AM				
23035269,0,230352690,ADA COURT,2023/03/13,230723382,2023/03/13 10:07:38 PM,2023/03/13 10:11:34 PM,2023/03/13 10:18:55 PM,San Francisco,94102,B04,03,1544,1,4,0,0,0,0,,,,0,0,0,0,1,"151 Outside rubbish, trash or waste fire",N None,11 Extinguishment by fire service personnel,,,,"962 Residential street, road or residential driveway",,,,,,,,,,,,NA,,,,,,,,,,,,,,,5,Tenderloin,POINT (-122.415676 37.785448),2023/03/13 10:18:55 PM,2025/05/20 02:17:45 AM				
23035270,0,230352700,99 GROVE STREET,2023/03/13,230723414,2023/03/13 10:16:55 PM,2023/03/13 10:20:10 PM,2023/03/13 10:23:48 PM,San Francisco,94102,B02,36,1552,1,4,0,0,0,0,,,,0,0,0,0,1,"151 Outside rubbish, trash or waste fire",N None,11 Extinguishment by fire service personnel,,,,"960 Street, other",,,,,,,,,,,,NA,,,,,,,,,,,,,,,6,Tenderloin,POINT (-122.417316 37.778083),2023/03/13 10:23:48 PM,2025/05/20 02:17:45 AM				
23035271,0,230352710,1300 COLUMBUS AVENUE,2023/03/13,230723419,2023/03/13 10:19:05 PM,2023/03/13 10:23:04 PM,2023/03/13 10:27:02 PM,San Francisco,94133,B01,28,1525,3,11,0,0,0,0,,,,0,0,0,0,1,"745 Alarm system activation, no fire - unintentional",N None,86 Investigate,,,,"449 Hotel/motel, commercial",,,,,,,,,,,,NA,,,,,,,,,,,,,,,3,North Beach,POINT (-122.418071 37.806434),2023/03/13 10:27:02 PM,2025/05/20 02:17:45 AM				
23035274,0,230352740,750 FONT BL,2023/03/13,230723436,2023/03/13 10:25:09 PM,2023/03/13 10:29:28 PM,2023/03/13 10:46:23 PM,San Francisco,94132,B08,19,0868,3,11,0,0,0,0,,,,0,0,0,0,1,611 Dispatched & canceled en route,N None,93 Cancelled en route,,,,,,,,,,,,,,,,NA,,,,,,,,,,,,,,,7,Lakeshore,POINT (-122.482671 37.723319),2023/03/13 10:46:23 PM,2025/05/20 02:17:45 AM				
23035276,0,230352760,173 14TH STREET,2023/03/13,230723455,2023/03/13 10:33:54 PM,2023/03/13 10:37:45 PM,2023/03/13 10:49:09 PM,San Francisco,94103,B02,07,5216,1,4,0,0,0,0,,,,0,0,0,0,1,411 Gasoline or other flammable liquid spill,N None,55 Establish safe area,,,,419 1 or 2 family dwelling,,,,,,,,,,,,NA,,,,,,,,,,,,,,,9,Mission,POINT (-122.417311 37.768366),2023/03/13 10:49:09 PM,2025/05/20 02:17:45 AM				
23035277,0,230352770,3146 MISSION STREET,2023/03/13,230723466,2023/03/13 10:37:03 PM,2023/03/13 10:40:06 PM,2023/03/13 11:06:35 PM,San Francisco,94110,B06,11,5624,3,10,0,0,0,0,,,,0,0,0,0,1,733 Smoke detector activation due to malfunction,N None,86 Investigate,63 Restore fire alarm system,,,"579 Motor vehicle or boat sales, services, repair",,,,,,,,,,,,NA,,,,,,,,,,,,,,,9,Bernal Heights,POINT (-122.419544 37.746277),2023/03/13 11:06:35 PM,2025/05/20 02:17:45 AM				
23035279,0,230352790,250-260 KING STREET,2023/03/13,230723502,2023/03/13 10:48:38 PM,2023/03/13 10:52:23 PM,2023/03/13 11:41:19 PM,San Francisco,94107,B03,08,2171,3,10,0,0,0,0,,,,0,0,0,0,1,"745 Alarm system activation, no fire - unintentional",N None,86 Investigate,,,,429 Multifamily dwelling,,,,,,,,,,,,NA,,,,,,,,,,,,,,,6,Mission Bay,POINT (-122.393056 37.777286),2023/03/13 11:41:19 PM,2025/05/20 02:17:45 AM				
23035280,0,230352800,34 6TH STREET,2023/03/13,230723507,2023/03/13 10:50:35 PM,2023/03/13 10:50:35 PM,2023/03/13 10:50:58 PM,San Francisco,94103,B02,01,2248,1,4,0,0,0,0,,,,0,0,0,0,1,"743 Smoke detector activation, no fire - unintentional",N None,86 Investigate,,,,"439 Boarding/rooming house, residential hotels",,,,,,,,,,,,NA,,,,,,,,,,,,,,,6,South of Market,POINT (-122.409857 37.781459),2023/03/13 10:50:58 PM,2025/05/20 02:17:45 AM				
23035282,0,230352820,EDDY STREET,2023/03/13,230723515,2023/03/13 10:52:12 PM,2023/03/13 11:02:58 PM,2023/03/13 11:06:09 PM,San Francisco,94102,B03,03,1453,1,4,0,0,0,0,,,,0,0,0,0,1,522 Water or steam leak,N None,86 Investigate,,,,"962 Residential street, road or residential driveway",,,,,,,,,,,,NA,,,,,,,,,,,,,,,5,Tenderloin,POINT (-122.410955 37.78414),2023/03/13 11:06:09 PM,2025/05/20 02:17:45 AM				
23035287,0,230352870,RIVERA STREET,2023/03/13,230723533,2023/03/13 11:01:56 PM,2023/03/13 11:09:32 PM,2023/03/13 11:18:27 PM,San Francisco,94116,B08,23,7727,1,4,0,0,0,0,,,,0,0,0,0,1,"311 Medical assist, assist EMS crew",N None,"30 Emergency medical services, other",,,,"400 Residential, other",,,,,,,,,,,,NA,,,,,,,,,,,,,,,4,Sunset/Parkside,POINT (-122.507442 37.745389),2023/03/13 11:18:27 PM,2025/05/20 02:17:45 AM				
23035289,0,230352890,55 MARIST COURT,2023/03/13,230723547,2023/03/13 11:09:30 PM,2023/03/13 11:17:45 PM,2023/03/13 11:35:45 PM,San Francisco,94124,B10,25,6556,4,15,0,0,0,0,,,,0,0,0,0,1,736 CO detector activation due to malfunction,N None,86 Investigate,,,,429 Multifamily dwelling,,,,,,,,,,,,NA,,,,,,,,,,,,,,,10,Bayview Hunters Point,POINT (-122.37823 37.733083),2023/03/13 11:35:45 PM,2025/05/20 02:17:45 AM				
23035293,0,230352930,500 POST STREET,2023/03/13,230723559,2023/03/13 11:14:44 PM,2023/03/13 11:20:34 PM,2023/03/13 11:38:25 PM,San Francisco,94109,B01,03,1451,5,19,2,3,0,0,,,,0,0,0,0,1,622 No incident found on arrival at dispatch address,N None,86 Investigate,,,,429 Multifamily dwelling,,,,,,,,,,,,NA,,,,,,,,,,,,,,,3,Nob Hill,POINT (-122.410472 37.788324),2023/03/13 11:38:25 PM,2025/05/20 02:17:45 AM				
23035297,0,230352970,570 BEALE STREET,2023/03/13,230723573,2023/03/13 11:22:55 PM,2023/03/13 11:28:17 PM,2023/03/13 11:49:25 PM,San Francisco,94107,B03,35,2134,3,11,0,0,0,0,,,,0,0,0,0,1,733 Smoke detector activation due to malfunction,N None,63 Restore fire alarm system,,,,429 Multifamily dwelling,,,,,,,,,,,,NA,,,,,,,,,,,,,,,6,Financial District/South Beach,POINT (-122.388924 37.785557),2023/03/13 11:49:25 PM,2025/05/20 02:17:45 AM				
23035298,0,230352980,1755 JENNINGS STREET,2023/03/13,230723582,2023/03/13 11:27:02 PM,2023/03/13 11:30:37 PM,2023/03/13 11:34:38 PM,San Francisco,94124,B10,17,6571,1,5,0,0,0,0,,,,0,0,0,0,1,"510 Person in distress, other",N None,71 Assist physically disabled,,,,419 1 or 2 family dwelling,,,,,,,,,,,,NA,,,,,,,,,,,,,,,10,Bayview Hunters Point,POINT (-122.386656 37.729167),2023/03/13 11:34:38 PM,2025/05/20 02:17:45 AM				
23035303,0,230353030,139 LAKE MERCED HILL SOU STREET,2023/03/13,230723615,2023/03/13 11:47:19 PM,2023/03/13 11:53:00 PM,2023/03/14 12:08:08 AM,San Francisco,94132,B08,19,8764,3,11,0,0,0,0,,,,0,0,0,0,1,611 Dispatched & canceled en route,N None,93 Cancelled en route,,,,,,,,,,,,,,,,NA,,,,,,,,,,,,,,,7,Lakeshore,POINT (-122.48414 37.710285),2023/03/14 12:08:08 AM,2025/05/20 02:17:45 AM				
23035307,0,230353070,2340 MARKET STREET,2023/03/14,230730056,2023/03/14 12:35:03 AM,2023/03/14 12:38:22 AM,2023/03/14 12:46:03 AM,San Francisco,94114,B05,06,5232,1,4,0,0,0,0,,,,0,0,0,0,1,"151 Outside rubbish, trash or waste fire",N None,11 Extinguishment by fire service personnel,,,,963 Street or road in commercial area,,,,,,,,,,,,NA,,,,,,,,,,,,,,,8,Castro/Upper Market,POINT (-122.434007 37.763614),2023/03/14 12:46:03 AM,2025/05/20 02:17:45 AM				
23035309,0,230353090,MARKET STREET,2023/03/14,230730061,2023/03/14 12:38:41 AM,2023/03/14 12:43:55 AM,2023/03/14 02:36:06 AM,San Francisco,94114,B05,24,5271,1,4,1,2,0,0,,,,0,0,0,0,1,324 Motor vehicle accident with no injuries.,N None,32 Provide basic life support (BLS),,,,"900 Outside or special property, other",,,,,,,,,,,,NA,,,,,,,,,,,,,,,8,Castro/Upper Market,POINT (-122.444887 37.759406),2023/03/14 02:36:06 AM,2025/05/20 02:17:45 AM				
23035311,0,230353110,1408 8TH AVENUE,2023/03/14,230730066,2023/03/14 12:42:04 AM,2023/03/14 12:46:09 AM,2023/03/14 01:09:14 AM,San Francisco,94122,B08,22,7334,3,10,0,0,0,0,,,,0,0,0,0,1,"743 Smoke detector activation, no fire - unintentional",N None,63 Restore fire alarm system,,,,429 Multifamily dwelling,,,,,,,,,,,,NA,,,,,,,,,,,,,,,7,Inner Sunset,POINT (-122.465015 37.762016),2023/03/14 01:09:14 AM,2025/05/20 02:17:45 AM				
23035322,0,230353220,SELBY STREET,2023/03/14,230730127,2023/03/14 01:13:01 AM,2023/03/14 01:13:01 AM,2023/03/14 02:29:33 AM,San Francisco,94124,B10,09,6424,1,4,0,0,0,0,,,,0,0,0,0,1,"500 Service Call, other",N None,73 Provide manpower,,,,NNN None,,,,,,,,,,,,NA,,,,,,,,,,,,,,,10,Bayview Hunters Point,POINT (-122.395175 37.74491),2023/03/14 02:29:33 AM,2025/05/20 02:17:45 AM				
23035323,0,230353230,4800 3RD STREET,2023/03/14,230730129,2023/03/14 01:14:33 AM,2023/03/14 01:19:40 AM,2023/03/14 01:24:18 AM,San Francisco,94124,B10,17,6515,3,10,0,0,0,0,,,,0,0,0,0,1,"743 Smoke detector activation, no fire - unintentional",N None,86 Investigate,,,,429 Multifamily dwelling,,,,,,,,,,,,NA,,,,,,,,,,,,,,,10,Bayview Hunters Point,POINT (-122.390804 37.734749),2023/03/14 01:24:18 AM,2025/05/20 02:17:45 AM				
23035327,0,230353270,246 MCALLISTER STREET,2023/03/14,230730158,2023/03/14 01:50:02 AM,2023/03/14 01:55:24 AM,2023/03/14 01:57:20 AM,San Francisco,94102,B02,36,1553,1,4,0,0,0,0,,,,0,0,0,0,1,"500 Service Call, other",N None,86 Investigate,,,,"962 Residential street, road or residential driveway",,,,,,,,,,,,NA,,,,,,,,,,,,,,,5,Tenderloin,POINT (-122.416086 37.780732),2023/03/14 01:57:20 AM,2025/05/20 02:17:45 AM				
23035331,0,230353310,HOWARD STREET,2023/03/14,230730171,2023/03/14 01:58:17 AM,2023/03/14 02:03:26 AM,2023/03/14 02:09:40 AM,San Francisco,94103,B03,01,2314,3,10,0,0,0,0,,,,0,0,0,0,1,"745 Alarm system activation, no fire - unintentional",N None,86 Investigate,,,,429 Multifamily dwelling,,,,,,,,,,,,NA,,,,,,,,,,,,,,,6,South of Market,POINT (-122.411283 37.776576),2023/03/14 02:09:40 AM,2025/05/20 02:17:45 AM				
23035336,0,230353360,5TH STREET,2023/03/14,230730194,2023/03/14 02:19:25 AM,2023/03/14 02:22:40 AM,2023/03/14 02:25:06 AM,San Francisco,94103,B03,01,2245,1,4,0,0,0,0,,,,0,0,0,0,1,"151 Outside rubbish, trash or waste fire",N None,11 Extinguishment by fire service personnel,,,,963 Street or road in commercial area,,,,,,,,,,,,NA,,,,,,,,,,,,,,,6,South of Market,POINT (-122.403924 37.780699),2023/03/14 02:25:06 AM,2025/05/20 02:17:45 AM				
23035339,0,230353390,678 34TH AVENUE,2023/03/14,230730219,2023/03/14 02:37:08 AM,2023/03/14 02:44:18 AM,2023/03/14 02:57:33 AM,San Francisco,94121,B07,34,7251,3,10,0,0,0,0,,,,0,0,0,0,1,"700 False alarm or false call, other",N None,86 Investigate,,,,429 Multifamily dwelling,,,,,,,,,,,,NA,,,,,,,,,,,,,,,1,Outer Richmond,POINT (-122.494048 37.776284),2023/03/14 02:57:33 AM,2025/05/20 02:17:45 AM				
23035340,0,230353400,246 MCALLISTER STREET,2023/03/14,230730233,2023/03/14 02:55:37 AM,2023/03/14 03:01:06 AM,2023/03/14 03:05:32 AM,San Francisco,94102,B02,36,1553,1,4,0,0,0,0,,,,0,0,0,0,1,"500 Service Call, other",N None,86 Investigate,,,,429 Multifamily dwelling,,,,,,,,,,,,NA,,,,,,,,,,,,,,,5,Tenderloin,POINT (-122.416086 37.780732),2023/03/14 03:05:32 AM,2025/05/20 02:17:45 AM				
23035341,0,230353410,255 BROADWAY,2023/03/14,230730242,2023/03/14 03:03:32 AM,2023/03/14 03:08:14 AM,2023/03/14 03:23:04 AM,San Francisco,94111,B01,13,1155,3,11,0,0,0,0,,,,0,0,0,0,1,412 Gas leak (natural gas or LPG),N None,86 Investigate,,,,429 Multifamily dwelling,,,,,,,,,,,,NA,,,,,,,,,,,,,,,3,Financial District/South Beach,POINT (-122.401681 37.798431),2023/03/14 03:23:04 AM,2025/05/20 02:17:45 AM				
23035346,0,230353460,27 HOWTH STREET,2023/03/14,230730267,2023/03/14 03:31:49 AM,2023/03/14 03:35:56 AM,2023/03/14 03:43:07 AM,San Francisco,94112,B09,15,8314,3,11,0,0,0,0,,,,0,0,0,0,1,"744 Detector activation, no fire - unintentional",N None,86 Investigate,,,,419 1 or 2 family dwelling,,,,,,,,,,,,NA,,,,,,,,,,,,,,,11,Oceanview/Merced/Ingleside,POINT (-122.449647 37.722667),2023/03/14 03:43:07 AM,2025/05/20 02:17:45 AM				
23035351,0,230353510,100 LARKIN STREET,2023/03/14,230730293,2023/03/14 03:51:42 AM,2023/03/14 03:58:13 AM,2023/03/14 04:15:32 AM,San Francisco,94102,B02,36,1647,3,11,0,0,0,0,,,,0,0,0,0,1,733 Smoke detector activation due to malfunction,N None,63 Restore fire alarm system,,,,"439 Boarding/rooming house, residential hotels",,,,,,,,,,,,NA,,,,,,,,,,,,,,,5,Tenderloin,POINT (-122.415808 37.779159),2023/03/14 04:15:32 AM,2025/05/20 02:17:45 AM				
23035353,0,230353530,975 3RD STREET,2023/03/14,230730300,2023/03/14 04:02:08 AM,2023/03/14 04:05:58 AM,2023/03/14 04:34:14 AM,San Francisco,94107,B03,04,0946,2,9,0,0,0,0,,,,0,0,0,0,1,"500 Service Call, other",N None,"00 Action taken, other",,,,"000 Property Use, other",,,,,,,,,,,,NA,,,,,,,,,,,,,,,,Mission Bay,POINT (-122.390164 37.776767),2023/03/14 04:34:14 AM,2025/05/20 02:17:45 AM				
23035354,0,230353540,1303 LARKIN STREET,2023/03/14,230730303,2023/03/14 04:02:53 AM,2023/03/14 04:06:56 AM,2023/03/14 04:15:37 AM,San Francisco,94109,B04,41,1635,3,10,0,0,0,0,,,,0,0,0,0,1,"745 Alarm system activation, no fire - unintentional",N None,86 Investigate,63 Restore fire alarm system,,,429 Multifamily dwelling,,,,,,,,,,,,NA,,,,,,,,,,,,,,,3,Nob Hill,POINT (-122.418947 37.789904),2023/03/14 04:15:37 AM,2025/05/20 02:17:45 AM				
23035362,0,230353620,25 SANCHEZ STREET,2023/03/14,230730386,2023/03/14 05:22:03 AM,2023/03/14 05:28:49 AM,2023/03/14 05:31:50 AM,San Francisco,94117,B05,06,5131,1,4,0,0,0,0,,,,0,0,0,0,1,735 Alarm system sounded due to malfunction,N None,86 Investigate,,,,"460 Dormitory-type residence, other",,,,,,,,,,,,NA,,,,,,,,,,,,,,,8,Castro/Upper Market,POINT (-122.431256 37.768929),2023/03/14 05:31:50 AM,2025/05/20 02:17:45 AM				
23035367,0,230353670,1950 MISSION STREET,2023/03/14,230730411,2023/03/14 05:37:39 AM,2023/03/14 05:42:01 AM,2023/03/14 06:34:01 AM,San Francisco,94103,B02,07,5236,3,11,0,0,0,0,,500,,0,0,0,0,1,"118 Trash or rubbish fire, contained",N None,"10 Fire control or extinguishment, other",,,1 Detector alerted occupants,429 Multifamily dwelling,,,,,,,,,,,,NA,,,,,,,,,,,,,,,9,Mission,POINT (-122.419828 37.7658),2023/03/14 06:34:01 AM,2025/05/20 02:17:45 AM				
23035374,0,230353740,2640 LEAVENWORTH STREET,2023/03/14,230730456,2023/03/14 06:14:01 AM,2023/03/14 06:20:08 AM,2023/03/14 06:33:02 AM,San Francisco,94133,B01,28,1525,3,11,0,0,0,0,,,,0,0,0,0,1,"743 Smoke detector activation, no fire - unintentional",N None,63 Restore fire alarm system,,,,"000 Property Use, other",,,,,,,,,,,,NA,,,,,,,,,,,,,,,3,Russian Hill,POINT (-122.418595 37.805741),2023/03/14 06:33:02 AM,2025/05/20 02:17:45 AM				
23035377,0,230353770,701 3RD STREET,2023/03/14,230730467,2023/03/14 06:22:07 AM,2023/03/14 06:26:23 AM,2023/03/14 06:37:18 AM,San Francisco,94107,B03,08,2172,3,10,0,0,0,0,,,,0,0,0,0,1,"745 Alarm system activation, no fire - unintentional",N None,86 Investigate,,,,429 Multifamily dwelling,,,,,,,,,,,,NA,,,,,,,,,,,,,,,6,Mission Bay,POINT (-122.392631 37.778851),2023/03/14 06:37:18 AM,2025/05/20 02:17:45 AM				
23035382,0,230353820,SOUTH VAN NESS AVENUE,2023/03/14,230730491,2023/03/14 06:36:59 AM,2023/03/14 06:38:45 AM,2023/03/14 06:41:54 AM,San Francisco,94130,B02,36,5123,2,8,0,0,0,0,,,,0,0,0,0,1,"151 Outside rubbish, trash or waste fire",N None,11 Extinguishment by fire service personnel,,,,"960 Street, other",,,,,,,,,,,,NA,,,,,,,,,,,,,,,6,Mission,POINT (-122.417757 37.769814),2023/03/14 06:41:54 AM,2025/05/20 02:17:45 AM				
23035386,0,230353860,1 280NB GENEVA OF,2023/03/14,230730527,2023/03/14 06:55:13 AM,2023/03/14 07:03:45 AM,2023/03/14 08:41:41 AM,San Francisco,94112,B09,33,8371,1,4,1,2,0,0,,,,0,0,0,0,1,"460 Accident, potential accident, other",N None,"30 Emergency medical services, other",,,,961 Highway or divided highway,,,,,,,,,,,,NA,,,,,,,,,,,,,,,11,Outer Mission,POINT (-122.448255 37.719581),2023/03/14 08:41:41 AM,2025/05/20 02:17:45 AM				
23035392,0,230353920,42ND AVENUE,2023/03/14,230730575,2023/03/14 07:36:22 AM,2023/03/14 07:43:51 AM,2023/03/14 07:48:29 AM,San Francisco,94116,B08,18,7644,1,4,0,0,0,0,,,,0,0,0,0,1,"440 Electrical  wiring/equipment problem, other",N None,86 Investigate,,,,"960 Street, other",,,,,,,,,,,,NA,,,,,,,,,,,,,,,4,Sunset/Parkside,POINT (-122.500331 37.741958),2023/03/14 07:48:29 AM,2025/05/20 02:17:45 AM				
23035393,0,230353930,8 TURQUOISE WAY,2023/03/14,230730579,2023/03/14 07:38:56 AM,2023/03/14 07:52:10 AM,2023/03/14 07:55:39 AM,San Francisco,94131,B06,26,8166,1,5,0,0,0,0,,,,0,0,0,0,1,"510 Person in distress, other",N None,73 Provide manpower,,,,419 1 or 2 family dwelling,,,,,,,,,,,,NA,,,,,,,,,,,,,,,8,Glen Park,POINT (-122.446793 37.745784),2023/03/14 07:55:39 AM,2025/05/20 02:17:45 AM				
23035398,0,230353980,1059 LEAVENWORTH STREET,2023/03/14,230730598,2023/03/14 07:50:42 AM,2023/03/14 07:54:58 AM,2023/03/14 08:01:55 AM,San Francisco,94109,B01,41,1541,3,11,0,0,0,0,,,,0,0,0,0,1,735 Alarm system sounded due to malfunction,N None,86 Investigate,,,,"400 Residential, other",,,,,,,,,,,,NA,,,,,,,,,,,,,,,3,Nob Hill,POINT (-122.415758 37.790795),2023/03/14 08:01:55 AM,2025/05/20 02:17:45 AM				
23035400,0,230354000,LAGUNA STREET,2023/03/14,230730610,2023/03/14 07:58:11 AM,2023/03/14 08:02:44 AM,2023/03/14 09:11:23 AM,San Francisco,94115,B04,38,3364,2,8,1,2,0,0,,,,0,0,0,0,1,"311 Medical assist, assist EMS crew",N None,"00 Action taken, other",,,,"000 Property Use, other",,,,,,,,,,,,NA,,,,,,,,,,,,,,,5,Japantown,POINT (-122.428151 37.785783),2023/03/14 09:11:23 AM,2025/05/20 02:17:45 AM				
23035402,0,230354020,1059 LEAVENWORTH STREET,2023/03/14,230730632,2023/03/14 08:05:23 AM,2023/03/14 08:06:33 AM,2023/03/14 08:13:07 AM,San Francisco,94109,B01,41,1541,3,11,0,0,0,0,,,,0,0,0,0,1,735 Alarm system sounded due to malfunction,N None,86 Investigate,,,,"400 Residential, other",,,,,,,,,,,,NA,,,,,,,,,,,,,,,3,Nob Hill,POINT (-122.415758 37.790795),2023/03/14 08:13:07 AM,2025/05/20 02:17:45 AM				
23035403,0,230354030,2448 GREAT HY,2023/03/14,230730639,2023/03/14 08:07:24 AM,2023/03/14 08:19:20 AM,2023/03/14 08:23:44 AM,San Francisco,94116,B08,23,7731,1,4,0,0,0,0,,,,0,0,0,0,1,"700 False alarm or false call, other",N None,"70 Assistance, other",,,,429 Multifamily dwelling,,,,,,,,,,,,NA,,,,,,,,,,,,,,,4,Sunset/Parkside,POINT (-122.506684 37.740765),2023/03/14 08:23:44 AM,2025/05/20 02:17:45 AM				
23035406,0,230354060,97 STATES STREET,2023/03/14,230730666,2023/03/14 08:21:25 AM,2023/03/14 08:28:14 AM,2023/03/14 08:32:59 AM,San Francisco,94114,B05,06,5176,1,4,0,0,0,0,,,,0,0,0,0,1,"600 Good intent call, other",N None,86 Investigate,,,,419 1 or 2 family dwelling,,,,,,,,,,,,NA,,,,,,,,,,,,,,,8,Castro/Upper Market,POINT (-122.437198 37.763277),2023/03/14 08:32:59 AM,2025/05/20 02:17:45 AM				
23035408,0,230354080,42 GARLINGTON COURT,2023/03/14,230730680,2023/03/14 08:26:25 AM,2023/03/14 08:33:26 AM,2023/03/14 08:37:48 AM,San Francisco,94124,B10,17,6622,1,5,0,0,0,0,,,,0,0,0,0,1,"510 Person in distress, other",N None,71 Assist physically disabled,,,,429 Multifamily dwelling,,,,,,,,,,,,NA,,,,,,,,,,,,,,,10,Bayview Hunters Point,POINT (-122.384467 37.732226),2023/03/14 08:37:48 AM,2025/05/20 02:17:45 AM				
23035410,0,230354100,1 BEACH STREET,2023/03/14,230730686,2023/03/14 08:27:32 AM,2023/03/14 08:33:06 AM,2023/03/14 08:40:25 AM,San Francisco,94133,B01,28,1262,1,4,0,0,0,0,,,,0,0,0,0,1,"150 Outside rubbish fire, other",N None,86 Investigate,,,,0000 Tent/Encampment,,,,,,,,,,,,NA,,,,,,,,,,,,,,,3,North Beach,POINT (-122.409126 37.808031),2023/03/14 08:40:25 AM,2025/05/20 02:17:45 AM				
23035423,0,230354230,ANDOVER STREET,2023/03/14,230730773,2023/03/14 08:54:36 AM,2023/03/14 09:05:55 AM,2023/03/14 09:12:06 AM,San Francisco,94110,B06,32,5741,1,4,0,0,0,0,,,,0,0,0,0,1,"440 Electrical  wiring/equipment problem, other",N None,"80 Information, investigation & enforcement, other",,,,419 1 or 2 family dwelling,,,,,,,,,,,,NA,,,,,,,,,,,,,,,9,Bernal Heights,POINT (-122.416574 37.73767),2023/03/14 09:12:06 AM,2025/05/20 02:17:45 AM				
23035425,0,230354250,"321 LOWER FORT MASON ST, FM",2023/03/14,230730788,2023/03/14 08:59:19 AM,2023/03/14 09:06:20 AM,2023/03/14 09:29:29 AM,Fort Mason,94123,B04,16,3343,1,4,0,0,0,0,,,,0,0,0,0,1,"740 Unintentional transmission of alarm, other",N None,86 Investigate,,,,"000 Property Use, other",,,,,,,,,,,,NA,,,,,,,,,,,,,,,2,Marina,POINT (-122.429971 37.807606),2023/03/14 09:29:29 AM,2025/05/20 02:17:45 AM				
23035435,0,230354350,1000 UNION STREET,2023/03/14,230730851,2023/03/14 09:20:44 AM,2023/03/14 09:26:31 AM,2023/03/14 09:35:51 AM,San Francisco,94133,B01,02,1513,3,11,0,0,0,0,,,,0,0,0,0,1,"743 Smoke detector activation, no fire - unintentional",N None,86 Investigate,,,,"400 Residential, other",,,,,,,,,,,,NA,,,,,,,,,,,,,,,3,Russian Hill,POINT (-122.415863 37.799672),2023/03/14 09:35:51 AM,2025/05/20 02:17:45 AM				
23035437,0,230354370,1200 HAMPSHIRE STREET,2023/03/14,230730859,2023/03/14 09:23:53 AM,2023/03/14 09:27:49 AM,2023/03/14 10:01:39 AM,San Francisco,94110,B06,09,5531,1,4,0,0,0,0,,,,0,0,0,0,1,4440 PG&E Power line down,N None,78 Control traffic,,,,"960 Street, other",,,,,,,,,,,,NA,,,,,,,,,,,,,,,9,Mission,POINT (-122.407374 37.752833),2023/03/14 10:01:39 AM,2025/05/20 02:17:45 AM				
23035440,0,230354400,BROTHERHOOD WAY,2023/03/14,230730877,2023/03/14 09:31:18 AM,2023/03/14 09:36:41 AM,2023/03/14 10:01:14 AM,San Francisco,94132,B08,19,8775,1,5,0,0,0,0,,,,0,0,0,0,1,"400 Hazardous condition, other",N None,45 Remove hazard,,,,"960 Street, other",,,,,,,,,,,,NA,,,,,,,,,,,,,,,7,Lakeshore,POINT (-122.485226 37.714695),2023/03/14 10:01:14 AM,2025/05/20 02:17:45 AM				
23035441,0,230354410,3125 CESAR CHAVEZ STREET,2023/03/14,230730887,2023/03/14 09:33:45 AM,2023/03/14 09:37:32 AM,2023/03/14 09:52:09 AM,San Francisco,94110,B06,09,0562,3,10,0,0,0,0,,,,0,0,0,0,1,733 Smoke detector activation due to malfunction,N None,86 Investigate,,,,"210 Schools, non-adult, other",,,,,,,,,,,,NA,,,,,,,,,,,,,,,9,Bernal Heights,POINT (-122.411967 37.747745),2023/03/14 09:52:09 AM,2025/05/20 02:17:45 AM				
23035443,0,230354430,1 BEACH STREET,2023/03/14,230730898,2023/03/14 09:37:36 AM,2023/03/14 09:42:58 AM,2023/03/14 09:49:17 AM,San Francisco,94133,B01,28,1262,1,4,0,0,0,0,,,,0,0,0,0,1,"150 Outside rubbish fire, other",N None,87 Investigate fire out on arrival,,,,963 Street or road in commercial area,,,,,,,,,,,,NA,,,,,,,,,,,,,,,3,North Beach,POINT (-122.409126 37.808031),2023/03/14 09:49:17 AM,2025/05/20 02:17:45 AM				
23035444,0,230354440,280NB GENEVA OF AVENUE,2023/03/14,230730913,2023/03/14 09:42:10 AM,2023/03/14 09:51:24 AM,2023/03/14 10:03:05 AM,San Francisco,94112,B09,15,8313,1,5,0,0,0,0,,,,0,0,0,0,1,"500 Service Call, other",N None,73 Provide manpower,,,,"960 Street, other",,,,,,,,,,,,NA,,,,,,,,,,,,,,,11,Outer Mission,POINT (-122.447749 37.721155),2023/03/14 10:03:05 AM,2025/05/20 02:17:45 AM				
23035445,0,230354450,1000 VAN NESS AVENUE,2023/03/14,230730915,2023/03/14 09:43:09 AM,2023/03/14 09:46:32 AM,2023/03/14 09:53:20 AM,San Francisco,94109,B04,03,3162,3,11,0,0,0,0,,,,0,0,0,0,1,"730 System malfunction, other",N None,86 Investigate,,,,"000 Property Use, other",,,,,,,,,,,,NA,,,,,,,,,,,,,,,5,Tenderloin,POINT (-122.421124 37.784832),2023/03/14 09:53:20 AM,2025/05/20 02:17:45 AM				
23035455,0,230354550,133 SHIPLEY STREET,2023/03/14,230731015,2023/03/14 10:09:57 AM,2023/03/14 10:24:12 AM,2023/03/14 10:30:08 AM,San Francisco,94107,B03,01,2215,1,5,0,0,0,0,,,,0,0,0,0,1,"600 Good intent call, other",N None,"70 Assistance, other",,,,NNN None,,,,,,,,,,,,NA,,,,,,,,,,,,,,,6,South of Market,POINT (-122.401304 37.780948),2023/03/14 10:30:08 AM,2025/05/20 02:17:45 AM				
23035457,0,230354570,681 FLORIDA STREET,2023/03/14,230731036,2023/03/14 10:17:30 AM,2023/03/14 10:20:43 AM,2023/03/14 10:29:38 AM,San Francisco,94110,B02,07,5426,3,11,0,0,0,0,,,,0,0,0,0,1,"700 False alarm or false call, other",N None,86 Investigate,,,,"200 Educational, other",,,,,,,,,,,,NA,,,,,,,,,,,,,,,9,Mission,POINT (-122.410906 37.760711),2023/03/14 10:29:38 AM,2025/05/20 02:17:45 AM				
23035459,0,230354590,331 CHERRY STREET,2023/03/14,230731054,2023/03/14 10:23:01 AM,2023/03/14 10:29:53 AM,2023/03/14 10:34:45 AM,San Francisco,94118,B07,10,4441,1,4,0,0,0,0,,,,0,0,0,0,1,"746 Carbon monoxide detector activation, no CO",N None,"80 Information, investigation & enforcement, other",,,,"400 Residential, other",,,,,,,,,,,,NA,,,,,,,,,,,,,,,2,Presidio Heights,POINT (-122.457083 37.787502),2023/03/14 10:34:45 AM,2025/05/20 02:17:45 AM				
23035460,0,230354600,645 HAIGHT STREET,2023/03/14,230731058,2023/03/14 10:23:13 AM,2023/03/14 10:27:31 AM,2023/03/14 10:32:23 AM,San Francisco,94117,B05,06,3633,3,10,0,0,0,0,,,,0,0,0,0,1,"743 Smoke detector activation, no fire - unintentional",N None,86 Investigate,,,,429 Multifamily dwelling,,,,,,,,,,,,NA,,,,,,,,,,,,,,,5,Haight Ashbury,POINT (-122.432828 37.771733),2023/03/14 10:32:23 AM,2025/05/20 02:17:45 AM				
23035463,0,230354630,520 SOUTH VAN NESS AVENUE,2023/03/14,230731066,2023/03/14 10:25:34 AM,2023/03/14 10:28:29 AM,2023/03/14 10:46:08 AM,San Francisco,94110,B02,07,5246,11,43,1,2,1,2,,,,0,0,0,0,1,"700 False alarm or false call, other",N None,86 Investigate,,,,429 Multifamily dwelling,,,,,,,,,,,,NA,,,,,,,,,,,,,,,9,Mission,POINT (-122.417881 37.764634),2023/03/14 10:46:08 AM,2025/05/20 02:17:45 AM				
23035465,0,230354650,16 BROOKDALE AVENUE,2023/03/14,230731069,2023/03/14 10:25:51 AM,2023/03/14 10:25:51 AM,2023/03/14 10:29:39 AM,San Francisco,94134,B09,43,6243,1,1,0,0,0,0,,,,0,0,0,0,1,522 Water or steam leak,N None,86 Investigate,,,,"962 Residential street, road or residential driveway",,,,,,,,,,,,NA,,,,,,,,,,,,,,,10,Visitacion Valley,POINT (-122.419131 37.712033),2023/03/14 10:29:39 AM,2025/05/20 02:17:45 AM				
23035466,0,230354660,334 SERRANO DRIVE,2023/03/14,230731085,2023/03/14 10:29:37 AM,2023/03/14 10:43:10 AM,2023/03/14 11:03:25 AM,San Francisco,94132,B08,19,8581,1,5,0,0,0,0,,,,0,0,0,0,1,554 Assist invalid,N None,71 Assist physically disabled,,,,"400 Residential, other",,,,,,,,,,,,NA,,,,,,,,,,,,,,,7,Lakeshore,POINT (-122.480323 37.719247),2023/03/14 11:03:25 AM,2025/05/20 02:17:45 AM				
23035467,0,230354670,101 MISSION DUBOCE OF,2023/03/14,230731094,2023/03/14 10:32:19 AM,2023/03/14 10:38:46 AM,2023/03/14 10:40:18 AM,,94103,B03,01,2312,1,4,0,0,0,0,,,,0,0,0,0,1,561 Unauthorized burning,N None,86 Investigate,,,,NNN None,,,,,,,,,,,,NA,,,,,,,,,,,,,,,6,Mission,POINT (-122.41773 37.769927),2023/03/14 10:40:18 AM,2025/05/20 02:17:45 AM				
23035470,0,230354700,75 LAPIDGE STREET,2023/03/14,230731120,2023/03/14 10:38:00 AM,2023/03/14 10:42:31 AM,2023/03/14 10:48:37 AM,San Francisco,94110,B02,07,5422,1,4,0,0,0,0,,,,0,0,0,0,1,553 Public service,N None,86 Investigate,,,,419 1 or 2 family dwelling,,,,,,,,,,,,NA,,,,,,,,,,,,,,,9,Mission,POINT (-122.422214 37.760482),2023/03/14 10:48:37 AM,2025/05/20 02:17:45 AM				
23035471,0,230354710,1690 NORTH POINT STREET,2023/03/14,230731122,2023/03/14 10:39:24 AM,2023/03/14 10:43:52 AM,2023/03/14 11:00:00 AM,San Francisco,94123,B04,16,3455,5,16,0,0,0,0,,,,0,0,0,0,1,"745 Alarm system activation, no fire - unintentional",N None,86 Investigate,,,,429 Multifamily dwelling,,,,,,,,,,,,NA,,,,,,,,,,,,,,,2,Marina,POINT (-122.434982 37.803917),2023/03/14 11:00:00 AM,2025/05/20 02:17:45 AM				
23035473,0,230354730,2034 GREENWICH STREET,2023/03/14,230731132,2023/03/14 10:42:11 AM,2023/03/14 10:44:06 AM,2023/03/14 11:01:12 AM,San Francisco,94123,B04,16,3444,9,33,1,2,1,2,,,,0,0,0,0,1,"440 Electrical  wiring/equipment problem, other",N None,86 Investigate,,,,429 Multifamily dwelling,,,,,,,,,,,,NA,,,,,,,,,,,,,,,2,Marina,POINT (-122.433193 37.79936),2023/03/14 11:01:12 AM,2025/05/20 02:17:45 AM				
23035475,0,230354750,655 POWELL STREET,2023/03/14,230731150,2023/03/14 10:48:06 AM,2023/03/14 10:50:14 AM,2023/03/14 10:55:33 AM,San Francisco,94108,B01,02,1361,4,12,0,0,0,0,,,,0,0,0,0,1,"743 Smoke detector activation, no fire - unintentional",N None,86 Investigate,,,,429 Multifamily dwelling,,,,,,,,,,,,NA,,,,,,,,,,,,,,,3,Nob Hill,POINT (-122.409023 37.790881),2023/03/14 10:55:33 AM,2025/05/20 02:17:45 AM				
23035476,0,230354760,285 CURTIS STREET,2023/03/14,230731162,2023/03/14 10:52:46 AM,2023/03/14 10:56:41 AM,2023/03/14 11:53:11 AM,San Francisco,94112,B09,43,6223,1,4,0,0,0,0,,,,0,0,0,0,1,444 Power line down,N None,84 Refer to proper authority,,,,419 1 or 2 family dwelling,,,,,,,,,,,,NA,,,,,,,,,,,,,,,11,Excelsior,POINT (-122.43798 37.710366),2023/03/14 11:53:11 AM,2025/05/20 02:17:45 AM				
23035480,0,230354800,1251 TREAT AVENUE,2023/03/14,230731188,2023/03/14 10:59:44 AM,2023/03/14 11:14:08 AM,2023/03/14 11:24:21 AM,San Francisco,94110,B06,07,5533,1,5,0,0,0,0,,,,0,0,0,0,1,554 Assist invalid,N None,71 Assist physically disabled,,,,"000 Property Use, other",,,,,,,,,,,,NA,,,,,,,,,,,,,,,9,Mission,POINT (-122.412579 37.750175),2023/03/14 11:24:21 AM,2025/05/20 02:17:45 AM				
23035481,0,230354810,1408 8TH AVENUE,2023/03/14,230731190,2023/03/14 11:00:09 AM,2023/03/14 11:04:01 AM,2023/03/14 12:00:57 PM,San Francisco,94122,B08,22,7334,3,10,0,0,0,0,,,,0,0,0,0,1,"700 False alarm or false call, other",N None,86 Investigate,,,,429 Multifamily dwelling,,,,,,,,,,,,NA,,,,,,,,,,,,,,,7,Inner Sunset,POINT (-122.465015 37.762016),2023/03/14 12:00:57 PM,2025/05/20 02:17:45 AM				
23035484,0,230354840,4023 JUDAH STREET,2023/03/14,230731197,2023/03/14 11:02:48 AM,2023/03/14 11:06:37 AM,2023/03/14 11:21:54 AM,San Francisco,94122,B08,23,7655,9,32,1,2,1,2,,,,0,0,0,0,1,"700 False alarm or false call, other",N None,63 Restore fire alarm system,,,,"400 Residential, other",,,,,,,,,,,,NA,,,,,,,,,,,,,,,4,Sunset/Parkside,POINT (-122.50514 37.760388),2023/03/14 11:21:54 AM,2025/05/20 02:17:45 AM				
23035486,0,230354860,660 4TH STREET,2023/03/14,230731205,2023/03/14 11:05:49 AM,2023/03/14 11:05:49 AM,2023/03/14 12:00:08 PM,San Francisco,94107,B03,08,2224,1,4,1,2,0,0,,,,0,0,0,0,1,"500 Service Call, other",N None,86 Investigate,,,,"960 Street, other",,,,,,,,,,,,NA,,,,,,,,,,,,,,,6,South of Market,POINT (-122.395613 37.777496),2023/03/14 12:00:08 PM,2025/05/20 02:17:45 AM				
23035487,0,230354870,299 2ND STREET,2023/03/14,230731208,2023/03/14 11:06:18 AM,2023/03/14 11:09:10 AM,2023/03/14 11:52:43 AM,San Francisco,94107,B03,35,2147,3,10,0,0,0,0,,,,0,0,0,0,1,"740 Unintentional transmission of alarm, other",N None,86 Investigate,,,,"449 Hotel/motel, commercial",,,,,,,,,,,,NA,,,,,,,,,,,,,,,6,Financial District/South Beach,POINT (-122.396707 37.78564),2023/03/14 11:52:43 AM,2025/05/20 02:17:45 AM				
23035498,0,230354980,421 ELLIS STREET,2023/03/14,230731270,2023/03/14 11:26:58 AM,2023/03/14 11:29:38 AM,2023/03/14 11:37:47 AM,San Francisco,94102,B03,03,1461,3,11,0,0,0,0,,,,0,0,0,0,1,"730 System malfunction, other",N None,86 Investigate,,,,"400 Residential, other",,,,,,,,,,,,NA,,,,,,,,,,,,,,,5,Tenderloin,POINT (-122.413158 37.784749),2023/03/14 11:37:47 AM,2025/05/20 02:17:45 AM				
23035502,0,230355020,STEINER STREET,2023/03/14,230731313,2023/03/14 11:39:12 AM,2023/03/14 11:44:01 AM,2023/03/14 12:18:40 PM,San Francisco,94115,B04,05,3622,1,5,0,0,0,0,,,,0,0,0,0,1,"500 Service Call, other",N None,73 Provide manpower,75 Provide equipment,,,963 Street or road in commercial area,,,,,,,,,,,,NA,,,,,,,,,,,,,,,5,Japantown,POINT (-122.434734 37.784944),2023/03/14 12:18:40 PM,2025/05/20 02:17:45 AM				
23035506,0,230355060,950-952 WISCONSIN STREET,2023/03/14,230731335,2023/03/14 11:47:20 AM,2023/03/14 11:50:31 AM,2023/03/14 11:58:39 AM,San Francisco,94107,B10,37,2565,1,4,0,0,0,0,,,,0,0,0,0,1,"550 Public service assistance, other",N None,84 Refer to proper authority,,,,419 1 or 2 family dwelling,,,,,,,,,,,,NA,,,,,,,,,,,,,,,10,Potrero Hill,POINT (-122.39884 37.755331),2023/03/14 11:58:39 AM,2025/05/20 02:17:45 AM				
23035507,0,230355070,36 CONCORD STREET,2023/03/14,230731336,2023/03/14 11:47:29 AM,2023/03/14 11:52:17 AM,2023/03/14 11:59:02 AM,San Francisco,94112,B09,43,6221,1,4,0,0,0,0,,,,0,0,0,0,1,511 Lock-out,N None,52 Forcible entry,,,,"962 Residential street, road or residential driveway",,,,,,,,,,,,NA,,,,,,,,,,,,,,,11,Excelsior,POINT (-122.443271 37.713547),2023/03/14 11:59:02 AM,2025/05/20 02:17:45 AM				
23035508,0,230355080,909 GEARY STREET,2023/03/14,230731349,2023/03/14 11:49:42 AM,2023/03/14 11:51:37 AM,2023/03/14 12:06:05 PM,San Francisco,94109,B04,03,3116,7,27,1,2,1,2,,,,0,0,0,0,1,"743 Smoke detector activation, no fire - unintentional",N None,86 Investigate,,,,"449 Hotel/motel, commercial",,,,,,,,,,,,NA,,,,,,,,,,,,,,,5,Tenderloin,POINT (-122.418287 37.785818),2023/03/14 12:06:05 PM,2025/05/20 02:17:45 AM				
23035510,0,230355100,481 47TH AVENUE,2023/03/14,230731364,2023/03/14 11:54:03 AM,2023/03/14 11:57:00 AM,2023/03/14 12:00:55 PM,San Francisco,94121,B07,34,7313,1,4,0,0,0,0,,,,0,0,0,0,1,"440 Electrical  wiring/equipment problem, other",N None,86 Investigate,82 Notify other agencies.,,,"962 Residential street, road or residential driveway",,,,,,,,,,,,NA,,,,,,,,,,,,,,,1,Outer Richmond,POINT (-122.508401 37.779218),2023/03/14 12:00:55 PM,2025/05/20 02:17:45 AM				
23035512,0,230355120,501 DELANCEY STREET,2023/03/14,230731373,2023/03/14 11:56:39 AM,2023/03/14 12:00:15 PM,2023/03/14 12:21:11 PM,San Francisco,94107,B03,35,2134,3,10,0,0,0,0,,,,0,0,0,0,1,"740 Unintentional transmission of alarm, other",N None,86 Investigate,,,,429 Multifamily dwelling,,,,,,,,,,,,NA,,,,,,,,,,,,,,,6,Financial District/South Beach,POINT (-122.389635 37.786128),2023/03/14 12:21:11 PM,2025/05/20 02:17:45 AM				
23035513,0,230355130,163 JULES AVENUE,2023/03/14,230731378,2023/03/14 11:58:52 AM,2023/03/14 12:03:26 PM,2023/03/14 12:12:42 PM,San Francisco,94112,B09,15,8463,1,4,0,0,0,0,,,,0,0,0,0,1,"700 False alarm or false call, other",N None,86 Investigate,,,,419 1 or 2 family dwelling,,,,,,,,,,,,NA,,,,,,,,,,,,,,,11,Oceanview/Merced/Ingleside,POINT (-122.461325 37.721147),2023/03/14 12:12:42 PM,2025/05/20 02:17:45 AM				
23035515,0,230355150,4831 ANZA STREET,2023/03/14,230731391,2023/03/14 12:02:06 PM,2023/03/14 12:03:29 PM,2023/03/14 12:08:33 PM,San Francisco,94121,B07,34,7257,1,4,0,0,0,0,,,,0,0,0,0,1,"440 Electrical  wiring/equipment problem, other",N None,86 Investigate,82 Notify other agencies.,,,"962 Residential street, road or residential driveway",,,,,,,,,,,,NA,,,,,,,,,,,,,,,1,Outer Richmond,POINT (-122.499945 37.777396),2023/03/14 12:08:33 PM,2025/05/20 02:17:45 AM				
23035519,0,230355190,5210 DIAMOND HEIGHTS BL,2023/03/14,230731409,2023/03/14 12:07:11 PM,2023/03/14 12:10:52 PM,2023/03/14 12:22:05 PM,San Francisco,94131,B06,26,8163,3,10,0,0,0,0,,,,0,0,0,0,1,735 Alarm system sounded due to malfunction,N None,63 Restore fire alarm system,,,,"213 Elementary school, including kindergarten",,,,,,,,,,,,NA,,,,,,,,,,,,,,,8,Glen Park,POINT (-122.439912 37.744916),2023/03/14 12:22:05 PM,2025/05/20 02:17:45 AM				
23035521,0,230355210,1030 IRVING STREET,2023/03/14,230731417,2023/03/14 12:09:13 PM,2023/03/14 12:11:50 PM,2023/03/14 12:34:42 PM,San Francisco,94122,B08,22,7345,3,10,0,0,0,0,,,,0,0,0,0,1,"744 Detector activation, no fire - unintentional",N None,86 Investigate,,,,429 Multifamily dwelling,,,,,,,,,,,,NA,,,,,,,,,,,,,,,7,Inner Sunset,POINT (-122.468817 37.763994),2023/03/14 12:34:42 PM,2025/05/20 02:17:45 AM				
23035522,0,230355220,1426 40TH AVENUE,2023/03/14,230731423,2023/03/14 12:10:02 PM,2023/03/14 12:13:36 PM,2023/03/14 12:21:03 PM,San Francisco,94122,B08,23,7631,1,4,0,0,0,0,,,,0,0,0,0,1,"440 Electrical  wiring/equipment problem, other",N None,"70 Assistance, other",,,,419 1 or 2 family dwelling,,,,,,,,,,,,NA,,,,,,,,,,,,,,,4,Sunset/Parkside,POINT (-122.499373 37.760183),2023/03/14 12:21:03 PM,2025/05/20 02:17:45 AM				
23035523,0,230355230,3788 CLAY STREET,2023/03/14,230731430,2023/03/14 12:11:16 PM,2023/03/14 12:18:11 PM,2023/03/14 12:26:57 PM,San Francisco,94118,B07,10,4435,1,5,0,0,0,0,,,,0,0,0,0,1,"550 Public service assistance, other",N None,73 Provide manpower,,,,"400 Residential, other",,,,,,,,,,,,NA,,,,,,,,,,,,,,,2,Presidio Heights,POINT (-122.455199 37.788115),2023/03/14 12:26:57 PM,2025/05/20 02:17:45 AM				
23035524,0,230355240,625 SUTTER STREET,2023/03/14,230731434,2023/03/14 12:14:18 PM,2023/03/14 12:18:16 PM,2023/03/14 12:34:44 PM,San Francisco,94108,B01,41,1412,3,11,0,0,0,0,,,,0,0,0,0,1,"743 Smoke detector activation, no fire - unintentional",N None,63 Restore fire alarm system,,,,"460 Dormitory-type residence, other",,,,,,,,,,,,NA,,,,,,,,,,,,,,,3,Nob Hill,POINT (-122.410679 37.788892),2023/03/14 12:34:44 PM,2025/05/20 02:17:45 AM				
23035525,0,230355250,500 BLK 42ND AVENUE,2023/03/14,230731441,2023/03/14 12:15:58 PM,2023/03/14 12:18:10 PM,2023/03/14 12:24:11 PM,San Francisco,94121,B07,34,7264,1,4,0,0,0,0,,,,0,0,0,0,1,"440 Electrical  wiring/equipment problem, other",N None,86 Investigate,82 Notify other agencies.,,,"962 Residential street, road or residential driveway",,,,,,,,,,,,NA,,,,,,,,,,,,,,,1,Outer Richmond,POINT (-122.502945 37.779256),2023/03/14 12:24:11 PM,2025/05/20 02:17:45 AM				
23035528,0,230355280,3750 18TH STREET,2023/03/14,230731455,2023/03/14 12:18:35 PM,2023/03/14 12:22:02 PM,2023/03/14 12:42:21 PM,San Francisco,94114,B06,06,0541,3,10,0,0,0,0,,,,0,0,0,0,1,442 Overheated motor,N None,63 Restore fire alarm system,,,,215 High school/junior high school/middle school,,,,,,,,,,,,NA,,,,,,,,,,,,,,,8,Castro/Upper Market,POINT (-122.427246 37.761395),2023/03/14 12:42:21 PM,2025/05/20 02:17:45 AM				
23035529,0,230355290,604 TERESITA BL,2023/03/14,230731456,2023/03/14 12:18:47 PM,2023/03/14 12:24:04 PM,2023/03/14 12:27:19 PM,San Francisco,94127,B09,39,8245,1,4,0,0,0,0,,,,0,0,0,0,1,"800 Severe weather or natural disaster, other",N None,86 Investigate,,,,"400 Residential, other",,,,,,,,,,,,NA,,,,,,,,,,,,,,,7,West of Twin Peaks,POINT (-122.446522 37.73745),2023/03/14 12:27:19 PM,2025/05/20 02:17:45 AM				
23035532,0,230355320,FARALLONES STREET,2023/03/14,230731468,2023/03/14 12:20:48 PM,2023/03/14 12:21:55 PM,2023/03/14 12:28:32 PM,San Francisco,94112,B09,33,8324,1,4,0,0,0,0,,,,0,0,0,0,1,815 Severe weather or natural disaster standby,N None,79 Assess severe weather or natural disaster damage,,,,"962 Residential street, road or residential driveway",,,,,,,,,,,,NA,,,,,,,,,,,,,,,11,Oceanview/Merced/Ingleside,POINT (-122.45606 37.714078),2023/03/14 12:28:32 PM,2025/05/20 02:17:45 AM				
23035538,0,230355380,BRIGHTON AVENUE,2023/03/14,230731510,2023/03/14 12:30:48 PM,2023/03/14 12:34:10 PM,2023/03/14 12:36:49 PM,San Francisco,94112,B09,15,8465,1,4,0,0,0,0,,,,0,0,0,0,1,"700 False alarm or false call, other",N None,86 Investigate,,,,NNN None,,,,,,,,,,,,NA,,,,,,,,,,,,,,,11,Oceanview/Merced/Ingleside,POINT (-122.455117 37.720035),2023/03/14 12:36:49 PM,2025/05/20 02:17:45 AM				
23035541,0,230355410,BAYSHORE BL,2023/03/14,230731519,2023/03/14 12:32:55 PM,2023/03/14 12:42:53 PM,2023/03/14 12:49:08 PM,San Francisco,94124,B10,44,6542,1,5,0,0,0,0,,,,0,0,0,0,1,"800 Severe weather or natural disaster, other",N None,75 Provide equipment,,,,"960 Street, other",,,,,,,,,,,,NA,,,,,,,,,,,,,,,10,Bayview Hunters Point,POINT (-122.399602 37.720922),2023/03/14 12:49:08 PM,2025/05/20 02:17:45 AM				
23035542,0,230355420,GREAT HY,2023/03/14,230731522,2023/03/14 12:33:18 PM,2023/03/14 12:39:37 PM,2023/03/14 12:46:08 PM,San Francisco,94116,B08,23,7727,1,4,0,0,0,0,,,,0,0,0,0,1,"440 Electrical  wiring/equipment problem, other",N None,45 Remove hazard,,,,NNN None,,,,,,,,,,,,NA,,,,,,,,,,,,,,,4,Sunset/Parkside,POINT (-122.506865 37.741672),2023/03/14 12:46:08 PM,2025/05/20 02:17:45 AM				
23035543,0,230355430,724 35TH AVENUE,2023/03/14,230731526,2023/03/14 12:33:59 PM,2023/03/14 12:49:59 PM,2023/03/14 12:50:21 PM,San Francisco,94121,B07,34,7252,1,4,0,0,0,0,,,,0,0,0,0,1,"440 Electrical  wiring/equipment problem, other",N None,86 Investigate,82 Notify other agencies.,,,419 1 or 2 family dwelling,,,,,,,,,,,,NA,,,,,,,,,,,,,,,1,Outer Richmond,POINT (-122.495054 37.775323),2023/03/14 12:50:21 PM,2025/05/20 02:17:45 AM				
23035544,0,230355440,405 SERRANO DRIVE,2023/03/14,230731533,2023/03/14 12:34:58 PM,2023/03/14 12:36:16 PM,2023/03/14 12:51:38 PM,San Francisco,94132,B08,19,8581,3,11,0,0,0,0,,,,0,0,0,0,1,"700 False alarm or false call, other",N None,"80 Information, investigation & enforcement, other",,,,"400 Residential, other",,,,,,,,,,,,NA,,,,,,,,,,,,,,,7,Lakeshore,POINT (-122.481573 37.718991),2023/03/14 12:51:38 PM,2025/05/20 02:17:45 AM				
23035548,0,230355480,WALLACE AVENUE,2023/03/14,230731549,2023/03/14 12:38:45 PM,2023/03/14 12:46:15 PM,2023/03/14 12:49:59 PM,San Francisco,94124,B10,17,6546,1,4,0,0,0,0,,,,0,0,0,0,1,"400 Hazardous condition, other",N None,45 Remove hazard,,,,963 Street or road in commercial area,,,,,,,,,,,,NA,,,,,,,,,,,,,,,10,Bayview Hunters Point,POINT (-122.39111 37.727478),2023/03/14 12:49:59 PM,2025/05/20 02:17:45 AM				
23035551,0,230355510,POWELL STREET,2023/03/14,230731565,2023/03/14 12:42:26 PM,2023/03/14 12:52:44 PM,2023/03/14 01:00:02 PM,San Francisco,94133,B01,28,1262,1,5,0,0,0,0,,,,0,0,0,0,1,"500 Service Call, other",N None,73 Provide manpower,,,,"960 Street, other",,,,,,,,,,,,NA,,,,,,,,,,,,,,,3,North Beach,POINT (-122.412143 37.806758),2023/03/14 01:00:02 PM,2025/05/20 02:17:45 AM				
23035552,0,230355520,18TH STREET,2023/03/14,230731581,2023/03/14 12:45:45 PM,2023/03/14 12:50:37 PM,2023/03/14 01:00:33 PM,San Francisco,94107,B03,04,2466,1,4,0,0,0,0,,,,0,0,0,0,1,"440 Electrical  wiring/equipment problem, other",N None,86 Investigate,45 Remove hazard,,,"960 Street, other",,,,,,,,,,,,NA,,,,,,,,,,,,,,,10,Potrero Hill,POINT (-122.387799 37.763109),2023/03/14 01:00:33 PM,2025/05/20 02:17:45 AM				
23035554,0,230355540,111 PAGE STREET,2023/03/14,230731590,2023/03/14 12:47:50 PM,2023/03/14 12:51:09 PM,2023/03/14 12:54:30 PM,San Francisco,94102,B02,36,3313,3,11,0,0,0,0,,,,0,0,0,0,1,"744 Detector activation, no fire - unintentional",N None,86 Investigate,,,,"213 Elementary school, including kindergarten",,,,,,,,,,,,NA,,,,,,,,,,,,,,,6,Hayes Valley,POINT (-122.422623 37.773914),2023/03/14 12:54:30 PM,2025/05/20 02:17:45 AM				
23035555,0,230355550,3750 18TH STREET,2023/03/14,230731606,2023/03/14 12:51:04 PM,2023/03/14 12:54:44 PM,2023/03/14 01:05:34 PM,San Francisco,94114,B06,06,0541,3,10,0,0,0,0,,,,0,0,0,0,1,"745 Alarm system activation, no fire - unintentional",N None,63 Restore fire alarm system,,,,215 High school/junior high school/middle school,,,,,,,,,,,,NA,,,,,,,,,,,,,,,8,Castro/Upper Market,POINT (-122.427246 37.761395),2023/03/14 01:05:34 PM,2025/05/20 02:17:45 AM				
23035556,0,230355560,1686 NORIEGA STREET,2023/03/14,230731608,2023/03/14 12:51:46 PM,2023/03/14 12:55:08 PM,2023/03/14 01:01:43 PM,San Francisco,94122,B08,18,7455,1,5,0,0,0,0,,,,0,0,0,0,1,"500 Service Call, other",N None,"70 Assistance, other",,,,NNN None,,,,,,,,,,,,NA,,,,,,,,,,,,,,,4,Sunset/Parkside,POINT (-122.481639 37.75408),2023/03/14 01:01:43 PM,2025/05/20 02:17:45 AM				
23035559,0,230355590,2020 LAWTON STREET,2023/03/14,230731612,2023/03/14 12:52:15 PM,2023/03/14 12:58:52 PM,2023/03/14 01:01:05 PM,San Francisco,94122,B08,18,7454,1,4,0,0,0,0,,,,0,0,0,0,1,"500 Service Call, other",N None,"70 Assistance, other",,,,"400 Residential, other",,,,,,,,,,,,NA,,,,,,,,,,,,,,,4,Sunset/Parkside,POINT (-122.48451 37.757692),2023/03/14 01:01:05 PM,2025/05/20 02:17:45 AM				
23035560,0,230355600,ULLOA STREET,2023/03/14,230731614,2023/03/14 12:52:40 PM,2023/03/14 12:58:41 PM,2023/03/14 01:18:06 PM,San Francisco,94116,B08,18,7643,2,8,1,2,0,0,,,,0,0,0,0,1,"320 Emergency medical service incident, other",N None,33 Provide advanced life support (ALS),,,,"960 Street, other",,,,,,,,,,,,NA,,,,,,,,,,,,,,,4,Sunset/Parkside,POINT (-122.503418 37.739953),2023/03/14 01:18:06 PM,2025/05/20 02:17:45 AM				
23035564,0,230355640,2075 SUTTER STREET,2023/03/14,230731641,2023/03/14 01:04:17 PM,2023/03/14 01:08:34 PM,2023/03/14 01:19:15 PM,San Francisco,94115,B04,38,3542,3,10,0,0,0,0,,,,0,0,0,0,1,"730 System malfunction, other",N None,86 Investigate,,,,429 Multifamily dwelling,,,,,,,,,,,,NA,,,,,,,,,,,,,,,5,Japantown,POINT (-122.43446 37.785865),2023/03/14 01:19:15 PM,2025/05/20 02:17:45 AM				
23035565,0,230355650,2901 MORAGA STREET,2023/03/14,230731649,2023/03/14 01:06:39 PM,2023/03/14 01:08:15 PM,2023/03/14 02:19:11 PM,San Francisco,94122,B08,18,7562,3,10,0,0,0,0,,,,0,0,0,0,1,"746 Carbon monoxide detector activation, no CO",N None,64 Shut down system,,,,429 Multifamily dwelling,,,,,,,,,,,,NA,,,,,,,,,,,,,,,4,Sunset/Parkside,POINT (-122.493832 37.755276),2023/03/14 02:19:11 PM,2025/05/20 02:17:45 AM				
23035570,0,230355700,5179 DIAMOND HEIGHTS BL,2023/03/14,230731675,2023/03/14 01:12:52 PM,2023/03/14 01:19:22 PM,2023/03/14 01:30:45 PM,San Francisco,94131,B06,26,8163,1,4,0,0,0,0,,,,0,0,0,0,1,444 Power line down,N None,84 Refer to proper authority,,,,"962 Residential street, road or residential driveway",,,,,,,,,,,,NA,,,,,,,,,,,,,,,8,Noe Valley,POINT (-122.4401 37.74574),2023/03/14 01:30:45 PM,2025/05/20 02:17:45 AM				
23035571,0,230355710,146 NAPLES STREET,2023/03/14,230731677,2023/03/14 01:13:36 PM,2023/03/14 01:17:14 PM,2023/03/14 01:22:21 PM,San Francisco,94112,B09,43,6142,1,4,0,0,0,0,,,,0,0,0,0,1,444 Power line down,N None,86 Investigate,,,,419 1 or 2 family dwelling,,,,,,,,,,,,NA,,,,,,,,,,,,,,,11,Excelsior,POINT (-122.427135 37.726378),2023/03/14 01:22:21 PM,2025/05/20 02:17:45 AM				
23035573,0,230355730,29 BUCKINGHAM WAY,2023/03/14,230731680,2023/03/14 01:14:37 PM,2023/03/14 01:17:53 PM,2023/03/14 01:58:45 PM,San Francisco,94132,B08,19,8851,3,11,0,0,0,0,,,,0,0,0,0,1,735 Alarm system sounded due to malfunction,N None,86 Investigate,,,,"460 Dormitory-type residence, other",,,,,,,,,,,,NA,,,,,,,,,,,,,,,7,Lakeshore,POINT (-122.475949 37.72543),2023/03/14 01:58:45 PM,2025/05/20 02:17:45 AM				
23035574,0,230355740,592 HOLYOKE STREET,2023/03/14,230731686,2023/03/14 01:16:10 PM,2023/03/14 01:18:00 PM,2023/03/14 01:19:40 PM,San Francisco,94134,B10,42,6332,1,4,0,0,0,0,,,,0,0,0,0,1,"440 Electrical  wiring/equipment problem, other",N None,"80 Information, investigation & enforcement, other",,,,419 1 or 2 family dwelling,,,,,,,,,,,,NA,,,,,,,,,,,,,,,9,Portola,POINT (-122.40768 37.724051),2023/03/14 01:19:40 PM,2025/05/20 02:17:45 AM				
23035576,0,230355760,1175 BAYSHORE BL,2023/03/14,230731694,2023/03/14 01:17:53 PM,2023/03/14 01:22:37 PM,2023/03/14 01:25:42 PM,San Francisco,94124,B10,42,6361,1,4,0,0,0,0,,,,0,0,0,0,1,"440 Electrical  wiring/equipment problem, other",N None,86 Investigate,,,,"400 Residential, other",,,,,,,,,,,,NA,,,,,,,,,,,,,,,10,Bayview Hunters Point,POINT (-122.402763 37.729565),2023/03/14 01:25:42 PM,2025/05/20 02:17:45 AM				
23035579,0,230355790,430 GOETTINGEN STREET,2023/03/14,230731700,2023/03/14 01:19:37 PM,2023/03/14 01:21:22 PM,2023/03/14 01:27:31 PM,San Francisco,94134,B10,42,6334,1,4,0,0,0,0,,,,0,0,0,0,1,"440 Electrical  wiring/equipment problem, other",N None,"80 Information, investigation & enforcement, other",,,,419 1 or 2 family dwelling,,,,,,,,,,,,NA,,,,,,,,,,,,,,,9,Portola,POINT (-122.406487 37.726445),2023/03/14 01:27:31 PM,2025/05/20 02:17:45 AM				
23035581,0,230355810,VIRGINIA AVENUE,2023/03/14,230731707,2023/03/14 01:21:26 PM,2023/03/14 01:27:17 PM,2023/03/14 01:55:56 PM,San Francisco,94110,B06,32,5654,2,9,0,0,0,0,,,,0,0,0,0,1,"500 Service Call, other",N None,45 Remove hazard,,,,211 Preschool,,,,,,,,,,,,NA,,,,,,,,,,,,,,,9,Bernal Heights,POINT (-122.419493 37.742316),2023/03/14 01:55:56 PM,2025/05/20 02:17:45 AM				
23035583,0,230355830,909 GEARY STREET,2023/03/14,230731709,2023/03/14 01:22:31 PM,2023/03/14 01:25:45 PM,2023/03/14 01:29:43 PM,San Francisco,94109,B04,03,3116,3,10,0,0,0,0,,,,0,0,0,0,1,735 Alarm system sounded due to malfunction,N None,86 Investigate,,,,429 Multifamily dwelling,,,,,,,,,,,,NA,,,,,,,,,,,,,,,5,Tenderloin,POINT (-122.418287 37.785818),2023/03/14 01:29:43 PM,2025/05/20 02:17:45 AM				
23035585,0,230355850,313 MOSCOW STREET,2023/03/14,230731716,2023/03/14 01:24:23 PM,2023/03/14 01:24:23 PM,2023/03/14 01:25:56 PM,San Francisco,94112,B09,43,6155,1,4,0,0,0,0,,,,0,0,0,0,1,444 Power line down,N None,86 Investigate,,,,419 1 or 2 family dwelling,,,,,,,,,,,,NA,,,,,,,,,,,,,,,11,Excelsior,POINT (-122.426572 37.722554),2023/03/14 01:25:56 PM,2025/05/20 02:17:45 AM				
23035586,0,230355860,GOLDEN GATE AVENUE,2023/03/14,230731718,2023/03/14 01:25:34 PM,2023/03/14 01:31:19 PM,2023/03/14 01:36:12 PM,San Francisco,94118,B07,21,4557,1,4,0,0,0,0,,,,0,0,0,0,1,"440 Electrical  wiring/equipment problem, other",N None,86 Investigate,84 Refer to proper authority,,,"960 Street, other",,,,,,,,,,,,NA,,,,,,,,,,,,,,,1,Lone Mountain/USF,POINT (-122.456747 37.776823),2023/03/14 01:36:12 PM,2025/05/20 02:17:45 AM				
23035587,0,230355870,GOLDEN GATE AVENUE,2023/03/14,230731720,2023/03/14 01:25:41 PM,2023/03/14 01:36:15 PM,2023/03/14 01:36:22 PM,San Francisco,94118,B07,21,4562,1,4,0,0,0,0,,,,0,0,0,0,1,"440 Electrical  wiring/equipment problem, other",N None,86 Investigate,84 Refer to proper authority,,,"960 Street, other",,,,,,,,,,,,NA,,,,,,,,,,,,,,,1,Inner Richmond,POINT (-122.458505 37.77619),2023/03/14 01:36:22 PM,2025/05/20 02:17:45 AM				
23035588,0,230355880,1950 MISSION STREET,2023/03/14,230731721,2023/03/14 01:26:13 PM,2023/03/14 01:34:53 PM,2023/03/14 02:00:27 PM,San Francisco,94103,B02,07,5236,1,5,0,0,0,0,,,,0,0,0,0,1,554 Assist invalid,N None,71 Assist physically disabled,,,,"439 Boarding/rooming house, residential hotels",,,,,,,,,,,,NA,,,,,,,,,,,,,,,9,Mission,POINT (-122.419828 37.7658),2023/03/14 02:00:27 PM,2025/05/20 02:17:45 AM				
23035589,0,230355890,2300 BLK 22ND AVENUE,2023/03/14,230731728,2023/03/14 01:29:10 PM,2023/03/14 01:37:16 PM,2023/03/14 01:38:03 PM,San Francisco,94116,B08,40,7416,1,4,0,0,0,0,,,,0,0,0,0,1,"440 Electrical  wiring/equipment problem, other",N None,86 Investigate,,,,"960 Street, other",,,,,,,,,,,,NA,,,,,,,,,,,,,,,4,Sunset/Parkside,POINT (-122.479035 37.744774),2023/03/14 01:38:03 PM,2025/05/20 02:17:45 AM				
23035592,0,230355920,5160 DIAMOND HEIGHTS BL,2023/03/14,230731738,2023/03/14 01:31:03 PM,2023/03/14 01:31:03 PM,2023/03/14 01:42:12 PM,San Francisco,94131,B06,26,8163,1,4,0,0,0,0,,,,0,0,0,0,1,444 Power line down,N None,84 Refer to proper authority,,,,"962 Residential street, road or residential driveway",,,,,,,,,,,,NA,,,,,,,,,,,,,,,8,Noe Valley,POINT (-122.440249 37.746101),2023/03/14 01:42:12 PM,2025/05/20 02:17:45 AM				
23035594,0,230355940,182 PARKER AVENUE,2023/03/14,230731742,2023/03/14 01:32:07 PM,2023/03/14 01:38:23 PM,2023/03/14 01:48:17 PM,San Francisco,94118,B07,10,4453,1,5,0,0,0,0,,,,0,0,0,0,1,"500 Service Call, other",N None,"70 Assistance, other",,,,419 1 or 2 family dwelling,,,,,,,,,,,,NA,,,,,,,,,,,,,,,2,Presidio Heights,POINT (-122.45418 37.782052),2023/03/14 01:48:17 PM,2025/05/20 02:17:45 AM				
23035598,0,230355980,3830 24TH STREET,2023/03/14,230731758,2023/03/14 01:36:16 PM,2023/03/14 01:39:40 PM,2023/03/14 01:43:21 PM,San Francisco,94114,B06,11,5523,1,4,0,0,0,0,,,,0,0,0,0,1,"500 Service Call, other",N None,86 Investigate,,,,"962 Residential street, road or residential driveway",,,,,,,,,,,,NA,,,,,,,,,,,,,,,8,Noe Valley,POINT (-122.428118 37.751733),2023/03/14 01:43:21 PM,2025/05/20 02:17:45 AM				
23035601,0,230356010,INGALLS STREET,2023/03/14,230731769,2023/03/14 01:38:18 PM,2023/03/14 01:46:17 PM,2023/03/14 01:55:16 PM,San Francisco,94124,B10,17,6572,1,5,0,0,0,0,,,,0,0,0,0,1,"800 Severe weather or natural disaster, other",N None,75 Provide equipment,,,,"960 Street, other",,,,,,,,,,,,NA,,,,,,,,,,,,,,,10,Bayview Hunters Point,POINT (-122.382889 37.730343),2023/03/14 01:55:16 PM,2025/05/20 02:17:45 AM				
23035603,0,230356030,SOUTH 11TH STREET,2023/03/14,230731774,2023/03/14 01:40:43 PM,2023/03/14 01:47:54 PM,2023/03/14 02:43:05 PM,San Francisco,94103,B02,36,5117,1,4,0,0,0,0,,,,0,0,0,0,1,444 Power line down,N None,78 Control traffic,,,,"500 Mercantile, business, other",,,,,,,,,,,,NA,,,,,,,,,,,,,,,6,Mission,POINT (-122.417105 37.774324),2023/03/14 02:43:05 PM,2025/05/20 02:17:45 AM				
23035605,0,230356050,15 RIO COURT,2023/03/14,230731780,2023/03/14 01:41:40 PM,2023/03/14 01:47:04 PM,2023/03/14 02:13:02 PM,San Francisco,94127,B09,39,8654,1,4,0,0,0,0,,,,0,0,0,0,1,"460 Accident, potential accident, other",N None,45 Remove hazard,,,,"400 Residential, other",,,,,,,,,,,,NA,,,,,,,,,,,,,,,7,West of Twin Peaks,POINT (-122.445377 37.738559),2023/03/14 02:13:02 PM,2025/05/20 02:17:45 AM				
23035606,0,230356060,3530 LAWTON STREET,2023/03/14,230731789,2023/03/14 01:43:09 PM,2023/03/14 01:48:37 PM,2023/03/14 01:52:25 PM,San Francisco,94122,B08,23,7632,1,4,0,0,0,0,,,,0,0,0,0,1,"440 Electrical  wiring/equipment problem, other",N None,"70 Assistance, other",,,,NNN None,,,,,,,,,,,,NA,,,,,,,,,,,,,,,4,Sunset/Parkside,POINT (-122.50067 37.756979),2023/03/14 01:52:25 PM,2025/05/20 02:17:45 AM				
23035607,0,230356070,154 23RD AVENUE,2023/03/14,230731793,2023/03/14 01:44:15 PM,2023/03/14 01:50:56 PM,2023/03/14 01:55:38 PM,San Francisco,94121,B07,14,7174,1,5,0,0,0,0,,,,0,0,0,0,1,553 Public service,N None,"70 Assistance, other",,,,419 1 or 2 family dwelling,,,,,,,,,,,,NA,,,,,,,,,,,,,,,1,Outer Richmond,POINT (-122.482845 37.784821),2023/03/14 01:55:38 PM,2025/05/20 02:17:45 AM				
23035608,0,230356080,DEWEY BL,2023/03/14,230731801,2023/03/14 01:46:23 PM,2023/03/14 01:55:16 PM,2023/03/14 02:10:03 PM,San Francisco,94116,B08,39,8627,1,5,0,0,0,0,,,,0,0,0,0,1,"500 Service Call, other",N None,75 Provide equipment,,,,NNN None,,,,,,,,,,,,NA,,,,,,,,,,,,,,,7,West of Twin Peaks,POINT (-122.461382 37.745569),2023/03/14 02:10:03 PM,2025/05/20 02:17:45 AM				
23035610,0,230356100,130 LEE AVENUE,2023/03/14,230731806,2023/03/14 01:47:11 PM,2023/03/14 01:51:33 PM,2023/03/14 02:00:22 PM,San Francisco,94112,B09,15,8466,1,5,0,0,0,0,,,,0,0,0,0,1,"500 Service Call, other",N None,73 Provide manpower,,,,"960 Street, other",,,,,,,,,,,,NA,,,,,,,,,,,,,,,11,Oceanview/Merced/Ingleside,POINT (-122.454011 37.720621),2023/03/14 02:00:22 PM,2025/05/20 02:17:45 AM				
23035611,0,230356110,1656 TURK STREET,2023/03/14,230731807,2023/03/14 01:47:17 PM,2023/03/14 01:51:02 PM,2023/03/14 02:39:45 PM,San Francisco,94115,B05,05,3643,1,4,0,0,0,0,,,,0,0,0,0,1,"440 Electrical  wiring/equipment problem, other",N None,55 Establish safe area,,,,429 Multifamily dwelling,,,,,,,,,,,,NA,,,,,,,,,,,,,,,5,Western Addition,POINT (-122.435427 37.780076),2023/03/14 02:39:45 PM,2025/05/20 02:17:45 AM				
23035613,0,230356130,156 JULES AVENUE,2023/03/14,230731823,2023/03/14 01:50:36 PM,2023/03/14 01:55:28 PM,2023/03/14 02:01:16 PM,San Francisco,94112,B09,15,8463,1,4,0,0,0,0,,,,0,0,0,0,1,"700 False alarm or false call, other",N None,86 Investigate,,,,419 1 or 2 family dwelling,,,,,,,,,,,,NA,,,,,,,,,,,,,,,11,Oceanview/Merced/Ingleside,POINT (-122.461151 37.721045),2023/03/14 02:01:16 PM,2025/05/20 02:17:45 AM				
23035614,0,230356140,CHESTNUT STREET,2023/03/14,230731824,2023/03/14 01:50:42 PM,2023/03/14 02:03:01 PM,2023/03/14 02:05:10 PM,San Francisco,94123,B04,16,3661,1,5,0,0,0,0,,,,0,0,0,0,1,"460 Accident, potential accident, other",N None,86 Investigate,,,,592 Bank,,,,,,,,,,,,NA,,,,,,,,,,,,,,,2,Marina,POINT (-122.439505 37.800403),2023/03/14 02:05:10 PM,2025/05/20 02:17:45 AM				
23035617,0,230356170,738 BRUSSELS STREET,2023/03/14,230731839,2023/03/14 01:54:57 PM,2023/03/14 02:00:47 PM,2023/03/14 02:05:00 PM,San Francisco,94134,B10,44,6325,1,4,0,0,0,0,,,,0,0,0,0,1,"440 Electrical  wiring/equipment problem, other",N None,86 Investigate,,,,"400 Residential, other",,,,,,,,,,,,NA,,,,,,,,,,,,,,,9,Portola,POINT (-122.403952 37.723023),2023/03/14 02:05:00 PM,2025/05/20 02:17:45 AM				
23035620,0,230356200,522 OAK STREET,2023/03/14,230731854,2023/03/14 01:59:54 PM,2023/03/14 02:05:59 PM,2023/03/14 02:53:50 PM,San Francisco,94117,B02,05,3523,1,4,0,0,0,0,,,,0,0,0,0,1,"4450 Arcing, shorted electrical PG&E equipment",N None,74 Provide apparatus,,,,NNN None,,,,,,,,,,,,NA,,,,,,,,,,,,,,,5,Hayes Valley,POINT (-122.427974 37.774404),2023/03/14 02:53:50 PM,2025/05/20 02:17:45 AM				
23035622,0,230356220,950 GILMAN AVENUE,2023/03/14,230731862,2023/03/14 02:01:33 PM,2023/03/14 02:35:38 PM,2023/03/14 02:35:38 PM,San Francisco,94124,B10,17,6611,1,4,0,0,0,0,,,,0,0,0,0,1,"400 Hazardous condition, other",N None,45 Remove hazard,,,,"962 Residential street, road or residential driveway",,,,,,,,,,,,NA,,,,,,,,,,,,,,,10,Bayview Hunters Point,POINT (-122.387457 37.717935),2023/03/14 02:35:38 PM,2025/05/20 02:17:45 AM				
23035623,0,230356230,333 BAKER STREET,2023/03/14,230731863,2023/03/14 02:01:38 PM,2023/03/14 02:10:48 PM,2023/03/14 05:09:38 PM,San Francisco,94117,B05,21,4252,1,4,1,2,0,0,,,,0,0,0,0,1,"311 Medical assist, assist EMS crew",N None,32 Provide basic life support (BLS),,,,429 Multifamily dwelling,,,,,,,,,,,,NA,,,,,,,,,,,,,,,5,Lone Mountain/USF,POINT (-122.441075 37.773952),2023/03/14 05:09:38 PM,2025/05/20 02:17:45 AM				
23035625,0,230356250,555 CALIFORNIA STREET,2023/03/14,230731871,2023/03/14 02:04:51 PM,2023/03/14 02:08:15 PM,2023/03/14 07:03:38 PM,San Francisco,94111,B01,13,1234,3,11,0,0,0,0,,,,0,0,0,0,1,"400 Hazardous condition, other",N None,86 Investigate,,,,"000 Property Use, other",,,,,,,,,,,,NA,,,,,,,,,,,,,,,3,Financial District/South Beach,POINT (-122.403486 37.792262),2023/03/14 07:03:38 PM,2025/05/20 02:17:45 AM				
23035626,0,230356260,27TH AVENUE,2023/03/14,230731874,2023/03/14 02:05:51 PM,2023/03/14 02:12:16 PM,2023/03/14 02:15:10 PM,San Francisco,94122,B08,22,7511,1,4,0,0,0,0,,,,0,0,0,0,1,"440 Electrical  wiring/equipment problem, other",N None,"70 Assistance, other",,,,NNN None,,,,,,,,,,,,NA,,,,,,,,,,,,,,,4,Sunset/Parkside,POINT (-122.485698 37.763182),2023/03/14 02:15:10 PM,2025/05/20 02:17:45 AM				
23035629,0,230356290,560 HAIGHT STREET,2023/03/14,230731879,2023/03/14 02:07:13 PM,2023/03/14 02:12:46 PM,2023/03/14 02:23:36 PM,San Francisco,94117,B05,06,3633,3,10,0,0,0,0,,,,0,0,0,0,1,733 Smoke detector activation due to malfunction,N None,86 Investigate,,,,429 Multifamily dwelling,,,,,,,,,,,,NA,,,,,,,,,,,,,,,5,Hayes Valley,POINT (-122.431446 37.772047),2023/03/14 02:23:36 PM,2025/05/20 02:17:45 AM				
23035632,0,230356320,45 ALBION STREET,2023/03/14,230731891,2023/03/14 02:09:44 PM,2023/03/14 02:14:56 PM,2023/03/14 02:21:16 PM,San Francisco,94103,B02,06,5226,1,5,0,0,0,0,,,,0,0,0,0,1,"500 Service Call, other",N None,45 Remove hazard,,,,419 1 or 2 family dwelling,,,,,,,,,,,,NA,,,,,,,,,,,,,,,9,Mission,POINT (-122.42312 37.765736),2023/03/14 02:21:16 PM,2025/05/20 02:17:45 AM				
23035634,0,230356340,HUGO STREET,2023/03/14,230731911,2023/03/14 02:15:21 PM,2023/03/14 02:20:46 PM,2023/03/14 03:53:50 PM,San Francisco,94122,B08,12,7325,1,5,0,0,0,0,,,,0,0,0,0,1,"500 Service Call, other",N None,45 Remove hazard,,,,"962 Residential street, road or residential driveway",,,,,,,,,,,,NA,,,,,,,,,,,,,,,7,Inner Sunset,POINT (-122.463168 37.765114),2023/03/14 03:53:50 PM,2025/05/20 02:17:45 AM				
23035635,0,230356350,2075 SUTTER STREET,2023/03/14,230731913,2023/03/14 02:15:28 PM,2023/03/14 02:19:51 PM,2023/03/14 02:27:32 PM,San Francisco,94115,B04,38,3542,3,10,0,0,0,0,,,,0,0,0,0,1,"745 Alarm system activation, no fire - unintentional",N None,86 Investigate,,,,429 Multifamily dwelling,,,,,,,,,,,,NA,,,,,,,,,,,,,,,5,Japantown,POINT (-122.43446 37.785865),2023/03/14 02:27:32 PM,2025/05/20 02:17:45 AM				
23035637,0,230356370,1755 31ST AVENUE,2023/03/14,230731924,2023/03/14 02:17:29 PM,2023/03/14 02:19:44 PM,2023/03/14 02:26:03 PM,San Francisco,94122,B08,18,7534,2,9,0,0,0,0,,,,0,0,0,0,1,"500 Service Call, other",N None,"70 Assistance, other",,,,"400 Residential, other",,,,,,,,,,,,NA,,,,,,,,,,,,,,,4,Sunset/Parkside,POINT (-122.489471 37.754514),2023/03/14 02:26:03 PM,2025/05/20 02:17:45 AM				
23035638,0,230356380,1427 NEWCOMB AVENUE,2023/03/14,230731927,2023/03/14 02:18:45 PM,2023/03/14 02:25:51 PM,2023/03/14 03:16:15 PM,San Francisco,94124,B10,17,6516,1,5,0,0,0,0,,,,0,0,0,0,1,815 Severe weather or natural disaster standby,N None,75 Provide equipment,,,,419 1 or 2 family dwelling,,,,,,,,,,,,NA,,,,,,,,,,,,,,,10,Bayview Hunters Point,POINT (-122.386625 37.733351),2023/03/14 03:16:15 PM,2025/05/20 02:17:45 AM				
23035639,0,230356390,2287 47TH AVENUE,2023/03/14,230731937,2023/03/14 02:20:49 PM,2023/03/14 02:35:45 PM,2023/03/14 02:38:30 PM,San Francisco,94116,B08,23,7713,1,4,0,0,0,0,,,,0,0,0,0,1,444 Power line down,N None,45 Remove hazard,,,,419 1 or 2 family dwelling,,,,,,,,,,,,NA,,,,,,,,,,,,,,,4,Sunset/Parkside,POINT (-122.50593 37.743867),2023/03/14 02:38:30 PM,2025/05/20 02:17:45 AM				
23035640,0,230356400,2618 BALBOA STREET,2023/03/14,230731941,2023/03/14 02:22:03 PM,2023/03/14 02:28:12 PM,2023/03/14 02:30:39 PM,San Francisco,94121,B07,14,7225,1,4,0,0,0,0,,,,0,0,0,0,1,444 Power line down,N None,45 Remove hazard,,,,"962 Residential street, road or residential driveway",,,,,,,,,,,,NA,,,,,,,,,,,,,,,1,Outer Richmond,POINT (-122.486859 37.776258),2023/03/14 02:30:39 PM,2025/05/20 02:17:45 AM				
23035641,0,230356410,1970 16TH AVENUE,2023/03/14,230731942,2023/03/14 02:22:09 PM,2023/03/14 02:27:41 PM,2023/03/14 02:36:26 PM,San Francisco,94122,B08,40,7363,1,4,0,0,0,0,,,,0,0,0,0,1,"440 Electrical  wiring/equipment problem, other",N None,"70 Assistance, other",,,,NNN None,,,,,,,,,,,,NA,,,,,,,,,,,,,,,7,Inner Sunset,POINT (-122.472956 37.751219),2023/03/14 02:36:26 PM,2025/05/20 02:17:45 AM				
23035642,0,230356420,CAPITOL AVENUE,2023/03/14,230731943,2023/03/14 02:22:21 PM,2023/03/14 02:30:11 PM,2023/03/14 02:30:17 PM,San Francisco,94112,B09,33,8374,1,4,0,0,0,0,,,,0,0,0,0,1,"800 Severe weather or natural disaster, other",N None,79 Assess severe weather or natural disaster damage,,,,"962 Residential street, road or residential driveway",,,,,,,,,,,,NA,,,,,,,,,,,,,,,11,Oceanview/Merced/Ingleside,POINT (-122.459045 37.714908),2023/03/14 02:30:17 PM,2025/05/20 02:17:45 AM				
23035644,0,230356440,10 HASTINGS TR,2023/03/14,230731949,2023/03/14 02:24:11 PM,2023/03/14 02:33:05 PM,2023/03/14 02:39:55 PM,San Francisco,94109,B01,41,1611,1,5,0,0,0,0,,,,0,0,0,0,1,"500 Service Call, other",N None,"70 Assistance, other",,,,419 1 or 2 family dwelling,,,,,,,,,,,,NA,,,,,,,,,,,,,,,3,Russian Hill,POINT (-122.418661 37.79963),2023/03/14 02:39:55 PM,2025/05/20 02:17:45 AM				
23035645,0,230356450,518 MADRID STREET,2023/03/14,230731959,2023/03/14 02:27:21 PM,2023/03/14 02:31:42 PM,2023/03/14 02:43:36 PM,San Francisco,94112,B09,43,6134,1,4,0,0,0,0,,,,0,0,0,0,1,444 Power line down,N None,86 Investigate,,,,419 1 or 2 family dwelling,,,,,,,,,,,,NA,,,,,,,,,,,,,,,11,Excelsior,POINT (-122.433123 37.72133),2023/03/14 02:43:36 PM,2025/05/20 02:17:45 AM				
23035646,0,230356460,1830 FILLMORE STREET,2023/03/14,230731960,2023/03/14 02:27:22 PM,2023/03/14 02:27:22 PM,2023/03/14 02:47:52 PM,San Francisco,94115,B04,38,3542,1,5,0,0,0,0,,,,0,0,0,0,1,"500 Service Call, other",N None,73 Provide manpower,75 Provide equipment,,,963 Street or road in commercial area,,,,,,,,,,,,NA,,,,,,,,,,,,,,,5,Pacific Heights,POINT (-122.433252 37.786409),2023/03/14 02:47:52 PM,2025/05/20 02:17:45 AM				
23035647,0,230356470,1500 GROVE STREET,2023/03/14,230731961,2023/03/14 02:27:32 PM,2023/03/14 02:32:46 PM,2023/03/14 02:53:23 PM,San Francisco,94117,B05,21,4253,1,5,0,0,0,0,,,,0,0,0,0,1,"550 Public service assistance, other",N None,45 Remove hazard,,,,211 Preschool,,,,,,,,,,,,NA,,,,,,,,,,,,,,,5,Lone Mountain/USF,POINT (-122.441401 37.775562),2023/03/14 02:53:23 PM,2025/05/20 02:17:45 AM				
23035648,0,230356480,HERMANN STREET,2023/03/14,230731968,2023/03/14 02:29:07 PM,2023/03/14 02:36:04 PM,2023/03/14 02:45:29 PM,San Francisco,94102,B02,06,3417,1,4,0,0,0,0,,,,0,0,0,0,1,"440 Electrical  wiring/equipment problem, other",N None,86 Investigate,,,,"960 Street, other",,,,,,,,,,,,NA,,,,,,,,,,,,,,,8,Hayes Valley,POINT (-122.426783 37.770659),2023/03/14 02:45:29 PM,2025/05/20 02:17:45 AM				
23035649,0,230356490,SHIELDS STREET,2023/03/14,230731972,2023/03/14 02:29:40 PM,2023/03/14 02:33:26 PM,2023/03/14 02:43:18 PM,San Francisco,94132,B09,33,8431,1,4,0,0,0,0,,,,0,0,0,0,1,"800 Severe weather or natural disaster, other",N None,79 Assess severe weather or natural disaster damage,,,,"962 Residential street, road or residential driveway",,,,,,,,,,,,NA,,,,,,,,,,,,,,,11,Oceanview/Merced/Ingleside,POINT (-122.469836 37.717887),2023/03/14 02:43:18 PM,2025/05/20 02:17:45 AM				
23035650,0,230356500,741 VALENCIA STREET,2023/03/14,230731977,2023/03/14 02:31:17 PM,2023/03/14 02:34:53 PM,2023/03/14 02:42:50 PM,San Francisco,94110,B06,07,5434,3,10,0,0,0,0,,,,0,0,0,0,1,"740 Unintentional transmission of alarm, other",N None,63 Restore fire alarm system,,,,161 Restaurant or cafeteria,,,,,,,,,,,,NA,,,,,,,,,,,,,,,9,Mission,POINT (-122.421431 37.761041),2023/03/14 02:42:50 PM,2025/05/20 02:17:45 AM				
23035652,0,230356520,828 TAYLOR STREET,2023/03/14,230731983,2023/03/14 02:33:04 PM,2023/03/14 02:58:57 PM,2023/03/14 03:06:08 PM,San Francisco,94109,B01,41,1446,1,5,0,0,0,0,,,,0,0,0,0,1,"463 Vehicle accident, general cleanup",N None,45 Remove hazard,,,,"962 Residential street, road or residential driveway",,,,,,,,,,,,NA,,,,,,,,,,,,,,,3,Nob Hill,POINT (-122.412079 37.789739),2023/03/14 03:06:08 PM,2025/05/20 02:17:45 AM				
23035654,0,230356540,SAN JOSE AVENUE,2023/03/14,230731986,2023/03/14 02:34:25 PM,2023/03/14 02:39:46 PM,2023/03/14 02:59:40 PM,San Francisco,94131,B06,32,8112,1,5,0,0,0,0,,,,0,0,0,0,1,"500 Service Call, other",N None,45 Remove hazard,,,,419 1 or 2 family dwelling,,,,,,,,,,,,NA,,,,,,,,,,,,,,,8,Bernal Heights,POINT (-122.424148 37.73987),2023/03/14 02:59:40 PM,2025/05/20 02:17:45 AM				
23035656,0,230356560,50 GILROY STREET,2023/03/14,230731992,2023/03/14 02:35:58 PM,2023/03/14 02:48:43 PM,2023/03/14 02:54:09 PM,San Francisco,94124,B10,17,6642,1,4,0,0,0,0,,,,0,0,0,0,1,"500 Service Call, other",N None,86 Investigate,,,,"400 Residential, other",,,,,,,,,,,,NA,,,,,,,,,,,,,,,10,Bayview Hunters Point,POINT (-122.389147 37.716016),2023/03/14 02:54:09 PM,2025/05/20 02:17:45 AM				
23035658,0,230356580,OAK STREET,2023/03/14,230732006,2023/03/14 02:37:30 PM,2023/03/14 02:45:43 PM,2023/03/14 02:59:05 PM,San Francisco,94102,B02,36,3266,1,5,0,0,0,0,,,,0,0,0,0,1,"550 Public service assistance, other",N None,45 Remove hazard,,,,"960 Street, other",,,,,,,,,,,,NA,,,,,,,,,,,,,,,5,Hayes Valley,POINT (-122.424247 37.774812),2023/03/14 02:59:05 PM,2025/05/20 02:17:45 AM				
23035659,0,230356590,135 LAKE STREET,2023/03/14,230732011,2023/03/14 02:38:47 PM,2023/03/14 02:46:30 PM,2023/03/14 02:49:16 PM,San Francisco,94118,B07,31,7115,1,4,0,0,0,0,,,,0,0,0,0,1,444 Power line down,N None,86 Investigate,,,,"962 Residential street, road or residential driveway",,,,,,,,,,,,NA,,,,,,,,,,,,,,,1,Inner Richmond,POINT (-122.460796 37.786777),2023/03/14 02:49:16 PM,2025/05/20 02:17:45 AM				
23035660,0,230356600,203 BARTLETT STREET,2023/03/14,230732013,2023/03/14 02:39:49 PM,2023/03/14 02:45:51 PM,2023/03/14 02:54:38 PM,San Francisco,94110,B06,11,5512,2,9,0,0,0,0,,,,0,0,0,0,1,"500 Service Call, other",N None,45 Remove hazard,,,,419 1 or 2 family dwelling,,,,,,,,,,,,NA,,,,,,,,,,,,,,,9,Mission,POINT (-122.41961 37.753677),2023/03/14 02:54:38 PM,2025/05/20 02:17:45 AM				
23035663,0,230356630,1720 BAKER STREET,2023/03/14,230732023,2023/03/14 02:42:41 PM,2023/03/14 02:54:42 PM,2023/03/14 03:02:00 PM,San Francisco,94115,B05,10,4263,2,6,0,0,0,0,,,,0,0,0,0,1,"500 Service Call, other",N None,45 Remove hazard,,,,429 Multifamily dwelling,,,,,,,,,,,,NA,,,,,,,,,,,,,,,2,Pacific Heights,POINT (-122.443525 37.786935),2023/03/14 03:02:00 PM,2025/05/20 02:17:45 AM				
23035665,0,230356650,201 GAMBIER STREET,2023/03/14,230732028,2023/03/14 02:44:16 PM,2023/03/14 02:45:13 PM,2023/03/14 02:45:13 PM,San Francisco,94134,B09,43,6152,1,4,0,0,0,0,,,,0,0,0,0,1,444 Power line down,N None,86 Investigate,,,,419 1 or 2 family dwelling,,,,,,,,,,,,NA,,,,,,,,,,,,,,,11,Excelsior,POINT (-122.421744 37.72681),2023/03/14 02:45:13 PM,2025/05/20 02:17:45 AM				
23035667,0,230356670,175 LOWELL STREET,2023/03/14,230732038,2023/03/14 02:46:57 PM,2023/03/14 02:52:52 PM,2023/03/14 02:56:18 PM,San Francisco,94112,B09,33,6216,1,4,0,0,0,0,,,,0,0,0,0,1,"600 Good intent call, other",N None,86 Investigate,,,,419 1 or 2 family dwelling,,,,,,,,,,,,NA,,,,,,,,,,,,,,,11,Excelsior,POINT (-122.445603 37.710173),2023/03/14 02:56:18 PM,2025/05/20 02:17:45 AM				